time_o,mag,oflux,nflux,enflux,lc_part,time
1413.308273586362,11.206274061519956,1.092027565513461,1.000978584175134,0.00040714378892765113,0.0,2.375021292615884
1413.3291070229561,11.205319244957469,1.092988337213632,1.001963955964317,0.00040692393353617556,0.0,2.3958547292099865
1413.3499404590839,11.208920792494869,1.0893687399691672,0.9987501803488706,0.00040764361475049564,0.0,2.416688165337746
1413.37077389335,11.206841279350195,1.0914572099044852,1.000769524524966,0.00040721550272607875,0.0,2.4375215996037696
1413.391607326684,11.206980737003631,1.0913170264182828,1.0007455996238115,0.0004072446256473101,0.0,2.4583550329377886
1413.4124407590875,11.206952042111993,1.0913458691864404,1.0008766842175936,0.00040730760062580493,0.0,2.4791884653413945
1413.433274190094,11.206648796365684,1.0916507242810618,1.0012609544485538,0.00040718523546803766,0.0,2.500021896347789
1413.4541076197029,11.208141522722833,1.0901508975921488,0.9999898796129597,0.000407514295240605,0.0,2.520855325956745
1413.474941048381,11.207765915676612,1.090528097129294,1.000440505593381,0.0004074261538574892,0.0,2.5416887546348335
1413.4957744761268,11.20820747919906,1.09008467494293,1.0001383162275639,0.00040753931160581223,0.0,2.5625221823806896
1413.516607902477,11.208596096386785,1.089694571127789,0.9998849876509411,0.00040758814635627705,0.0,2.583355608730926
1413.537441327895,11.207850399066636,1.0904432441735046,1.0006766374352756,0.00040748053386053607,0.0,2.6041890341489307
1413.558274751916,11.208529540377445,1.0897613718338055,1.0001555343582489,0.0004075890187325144,0.0,2.6250224581699513
1413.579108174541,11.208730605528174,1.089559579956327,1.0000749740756267,0.00040765681400617226,0.0,2.6458558807948975
1413.5999415962335,11.207828292598865,1.090465446706436,1.0010111908884514,0.00040742637178564953,0.0,2.6666893024873843
1413.620775016995,11.21031594408237,1.0879698196252345,0.9988248180997187,0.0004079111057023769,0.0,2.687522723248776
1413.64160843636,11.209891353871056,1.0883953665207216,0.9993200900013409,0.00040784212083231714,0.0,2.708356142613866
1413.6624418547935,11.209059705572866,1.0892293710471481,1.0001905339380581,0.00040771062563992803,0.0,2.7291895610474057
1413.6832752722955,11.208375841466513,1.0899156514749562,1.000925497512255,0.00040754927308139663,0.0,2.7500229785493957
1413.7041086884,11.209621187129994,1.088666228646644,0.9998827731813548,0.0004078332822779845,0.0,2.770856394653947
1413.7249421031079,11.21018811775636,1.0880979164605031,0.9994654603305577,0.0004078965570449434,0.0,2.791689809361742
1413.7457755168848,11.210336471477142,1.087949250195228,0.9994335635411904,0.0004079722751994194,0.0,2.812523223138669
1413.76660892973,11.209248969603262,1.0890395146410805,1.0005399104282302,0.00040780195454305436,0.0,2.8333566359838187
1413.7874423416451,11.210170714863933,1.08811535734777,0.9997955732665283,0.0004079227466210093,0.0,2.85419004789901
1413.808275752162,11.209733071624978,1.0885540479945486,1.000303440080524,0.00040781761981090555,0.0,2.8750234584158534
1413.8291091612814,11.211141493846732,1.0871428859339967,0.9991113526603945,0.0004081007105396239,0.0,2.895856867535258
1413.8499425694695,11.2094509214895,1.0888369671620974,1.0007731102636541,0.0004077803922931708,0.0,2.91669027572334
1413.8707759767271,11.210912127838828,1.0873725733691142,0.9995318906625347,0.0004080394968681569,0.0,2.937523682981009
1413.891609383053,11.210679793461415,1.087605282807172,0.9998505813567089,0.00040803250582067166,0.0,2.958357089306901
1413.9124427879829,11.210440318978076,1.0878451959992728,1.0001759620576298,0.00040795841581247753,0.0,2.9791904942367182
1413.974942996251,11.2107839545781,1.0875009473835766,1.0001739642269547,0.0004080219882055563,0.0,3.041690702504866
1413.995776396989,11.211701307959487,1.0865824910098076,0.9994340517927168,0.0004082674226637837,0.0,3.062524103242822
1414.037443195206,11.211995619084034,1.0862879903989968,0.9993727631395825,0.0004083196535210156,0.0,3.1041909014597877
1414.0582765926845,11.21179122390147,1.0864925087081085,0.9996657662864286,0.0004082673139014833,0.0,3.1250242989383423
1414.0791099887665,11.211799357408214,1.0864843695661983,0.9997631473846686,0.0004082418538765532,0.0,3.145857695020368
1414.0999433839165,11.211307401973082,1.0869767755486133,1.0003211897514075,0.0004081450297949505,0.0,3.1666910901703886
1414.1207767781361,11.211503286091464,1.0867806853009205,1.0002456745663397,0.00040819580136558183,0.0,3.1875244843899964
1414.1416101714235,11.21196065212803,1.0863229756890367,0.9999293303611239,0.0004084151841994828,0.0,3.208357877677372
1414.162443563314,11.211440336047705,1.0868436977294402,1.0005136327109603,0.00040814838780377927,0.0,3.229191269567764
1414.183276954273,11.21124269103894,1.0870415623526397,1.0008008142804403,0.000408127658944894,0.0,3.250024660526833
1414.2041103443012,11.213880379878734,1.0844039075337144,0.9984772193921964,0.0004086640978172858,0.0,3.2708580505550344
1414.224943733398,11.213202337119382,1.085081329776072,0.9992058519450779,0.0004085269267872672,0.0,3.2916914396519132
1414.245777121098,11.212295082652183,1.0859884159550957,1.0001461475790014,0.0004083342215225016,0.0,3.312524827351808
1414.266610507866,11.212478875402462,1.0858045960695575,1.0000818601043586,0.00040836565352113234,0.0,3.333358214119926
1414.2874438937029,11.212562346631454,1.0857211227914,1.0001099932134043,0.000408506622451602,0.0,3.354191599956721
1414.308277278144,11.212130037343433,1.086153512151074,1.000613368041646,0.0004083146229337145,0.0,3.3750249843978963
1414.329110661652,11.213389450458541,1.0848943454092912,0.9995583475204433,0.0004085295401479687,0.0,3.39585836790593
1414.349944044229,11.21404947070525,1.0842350373471727,0.9990558381813922,0.00040872011669381325,0.0,3.416691750482869
1414.3707774258755,11.213675989250213,1.0846080665722568,0.9995045584435741,0.0004086129425568543,0.0,3.4375251321293945
1414.3916108065905,11.214613677706103,1.0836717568018757,0.9987466441875171,0.00040884114243530775,0.0,3.45835851284437
1414.4124441859085,11.213594708712879,1.0846892656940825,0.9997894617974552,0.0004086535215544752,0.0,3.479191892162362
1414.433277564295,11.213495908018158,1.0847879756097762,0.9999855260015418,0.00040854881871063846,0.0,3.5000252705488037
1414.45411094175,11.215876061483389,1.0824125055615608,0.9979006288130596,0.00040909723593551806,0.0,3.520858648003923
1414.474944318274,11.215091806347784,1.0831946423486385,0.9987266686381097,0.00040892066661140524,0.0,3.541692024527947
1414.4957776934002,11.21542971669537,1.0828575754585896,0.9985208459465428,0.00040900276150104007,0.0,3.5625253996540778
1414.516611067596,11.213332078348348,1.0849516745489045,1.0005570339532075,0.0004085629102568453,0.0,3.5833587738497954
1414.537444441326,11.213628895872011,1.0846551120381935,1.000388718041815,0.0004087719704043429,0.0,3.6041921475798517
1414.558277813193,11.213752828801294,1.0845313095777422,1.0003797218724533,0.00040863165637784786,0.0,3.625025519446808
1414.5791111845951,11.213076182753529,1.085207415375343,1.0011086427161244,0.0004084920098995257,0.0,3.645858890849013
1414.5999445550651,11.21473622834323,1.083549446088757,0.9996842958234896,0.0004088590189809198,0.0,3.6666922613189854
1414.6207779241386,11.213084746667311,1.0851988556662278,1.001311362799295,0.000408471345386784,0.0,3.687525630392429
1414.6416112922807,11.214723972704501,1.0835616771126888,0.9999059231257057,0.0004087940111529202,0.0,3.7083589985345498
1414.662444659491,11.215177377208544,1.083109275161848,0.9995936093425364,0.00040894404705015246,0.0,3.7291923657448933
1414.683278025771,11.214871866177843,1.0834140898944824,0.9999801330883592,0.0004089059564202251,0.0,3.750025732024824
1414.704111390653,11.215432010469115,1.0828552877687792,0.9995695447603488,0.00040900162512443034,0.0,3.770859096906861
1414.7249447550698,11.215283119173709,1.0830037941750608,0.999811845969303,0.00040893470709772316,0.0,3.7916924613236915
1414.7457781180897,11.215831108692107,1.0824573216693107,0.9994125371888631,0.00040908180815921543,0.0,3.8125258243435383
1414.7666114801782,11.215419276896078,1.0828679876287384,0.9998969453492681,0.00040899378927353115,0.0,3.8333591864320624
1414.787444841335,11.21496294077049,1.08332321389885,1.0004226058646486,0.0004088817772595781,0.0,3.8541925475888092
1414.8082782015608,11.216157890651155,1.0821315756032108,0.9994273776183947,0.0004091455581196669,0.0,3.8750259078146883
1414.829111560855,11.215030855580455,1.0832554521452664,1.0005707116729803,0.00040894400439597296,0.0,3.89585926710879
1414.849944919219,11.216292928066228,1.0819969948798356,0.9995135642047203,0.00040918480754742893,0.0,3.9166926254729333
1414.8707782761849,11.215192573444467,1.0830941157991778,1.0006324295936606,0.0004089651413854865,0.0,3.9375259824387285
1414.8916116322193,11.21427670951935,1.0840081364648322,1.0015823530112342,0.00040873459647124583,0.0,3.958359338473201
1414.912444987788,11.214665930175807,1.0836196049413689,1.001328841025455,0.00040887641206658134,0.0,3.979192694041785
1414.93327834196,11.217133348604408,1.0811597927616314,0.9991610876761433,0.00040943393037285765,0.0,4.00002604821384
1414.954111695201,11.217638279942863,1.080657106622934,0.9988017592546835,0.00040946241907963593,0.0,4.0208594014548
1414.9749450475106,11.218009646219496,1.0802875408129389,0.9985654050709449,0.00040954863862550174,0.0,4.041692753764437
1414.9957783984241,11.218021577344306,1.0802756696285705,0.9986596714693408,0.0004095243216442819,0.0,4.062526104678
1415.0166117488711,11.217210635431105,1.0810828344404468,0.9995111944825832,0.00040943783551200915,0.0,4.083359455124992
1415.0374450979211,11.218164267906031,1.0801337060348484,0.9987389513518505,0.00040956920643259496,0.0,4.104192804175
1415.058278446505,11.218621002626346,1.0796794236654965,0.9984241499560448,0.0004096806094855317,0.0,4.125026152758892
1415.079111793692,11.21833405591911,1.0799648073501176,0.9987933540342611,0.0004095630842204687,0.0,4.1458594999458
1415.099945139948,11.218870803227224,1.0794310451515756,0.9984049781926123,0.0004097176290166297,0.0,4.16669284620184
1415.1207784857384,11.217818489847657,1.080477754628871,0.999478510251699,0.00040947508301923766,0.0,4.1875261919922195
1415.1416118301322,11.217676707622646,1.0806188593855433,0.9997144653681148,0.00040944665916567446,0.0,4.2083595363860695
1415.1624451735938,11.217556005987575,1.080738998801565,0.9999310725159318,0.00040940923504531867,0.0,4.229192879847687
1415.1832785161246,11.219946219633634,1.0783624033045835,0.997837430099352,0.0004100961431239031,0.0,4.2500262223784375
1415.2041118572579,11.216989910971366,1.081302635235891,1.0006636668739233,0.0004092918829391986,0.0,4.270859563511749
1415.224945197926,11.216475236456363,1.0818153296011157,1.0012437609229465,0.0004092334124815198,0.0,4.291692904179854
1415.245778537663,11.217511441808142,1.0807833587804243,1.000394205103728,0.00040940279772705505,0.0,4.312526243916864
1415.266611876003,11.218243807024136,1.0800545802442563,0.9998251402827238,0.0004095402065038838,0.0,4.3333595822568896
1415.2874452138765,11.219185752235296,1.0791179705467027,0.9990635421377599,0.00040976603382411435,0.0,4.354192920130345
1415.3082785503545,11.218689420164296,1.0796113899384783,0.9996258652522241,0.0004096982072167474,0.0,4.3750262566084075
1415.3291118863654,11.219118696979402,1.0791846191173995,0.9993362013684461,0.00040979635229709886,0.0,4.395859592619217
1415.3499452209805,11.217775816929638,1.0805202217074616,1.0006786247581958,0.000409454138465273,0.0,4.416692927234408
1415.370778555129,11.217290998045396,1.0810028192145535,1.0012312732372706,0.00040938979345438745,0.0,4.4375262613828
1415.3916118878806,11.21773242502761,1.0805634060134777,1.0009299764204618,0.0004094718625046072,0.0,4.458359594134436
1415.412445219701,11.21911729561218,1.0791860120293424,0.9997596690400783,0.00040975622314798365,0.0,4.479192925954976
1415.4332785505899,11.219145111391327,1.0791583644155704,0.9998396537242873,0.00040978606778801406,0.0,4.500026256843739
1415.4541118805469,11.21773944936444,1.0805564151654743,1.0012407036185942,0.00040945895897495253,0.0,4.520859586800725
1415.474945209574,11.2202472557403,1.0780634531373459,0.9990362665379849,0.0004100385361752971,0.0,4.541692915827753
1415.4957785381355,11.219947523784713,1.0783611080114541,0.9994176882471772,0.00040994300812073245,0.0,4.562526244389346
1415.516611865299,11.218670118339926,1.0796305830487156,1.0006999620040822,0.0004096823351654215,0.0,4.583359571552819
1415.5374451915313,11.219083849741248,1.0792192566350383,1.000424422258317,0.00040974477291505935,0.0,4.604192897785197
1415.558278516833,11.21894857580535,1.079353726988775,1.0006548253589849,0.0004097428449024199,0.0,4.625026223086934
1415.5791118412026,11.219443643900695,1.0788616813296423,1.0003043809069512,0.0004098219103106211,0.0,4.645859547456439
1415.5999451641756,11.219332911789474,1.078971717932783,1.0005121630174394,0.0004098508955359589,0.0,4.666692870429415
1415.6207784866824,11.219572691489693,1.0787334584476602,1.0003969858635005,0.00040985799922992516,0.0,4.687526192936275
1415.6416118082589,11.219623483961579,1.078682994755814,1.0004559610259984,0.0004098729615533807,0.0,4.708359514512722
1415.662445128904,11.219784476832361,1.078523059592282,1.000413405415063,0.0004098595395399839,0.0,4.729192835157846
1415.6832784486169,11.221263268709512,1.0770550920719524,0.9991574114819872,0.0004101570391752884,0.0,4.7500261548707385
1415.704111767399,11.21889180761755,1.0794101629413348,1.0014480652751279,0.0004097124469321217,0.0,4.770859473652763
1415.72494508525,11.220734039970543,1.0775802172819857,0.9998560458345571,0.0004100905200198157,0.0,4.79169279150392
1415.745778402169,11.220509675706289,1.0778029191444398,1.000168484307277,0.0004100767960965604,0.0,4.812526108422844
1415.766611718157,11.221437934185452,1.0768818370877213,0.9994194797344707,0.00041022344764350455,0.0,4.833359424410901
1415.7874450327486,11.220280653548151,1.0780302918573381,1.0005911906032376,0.00040996880444609424,0.0,4.854192739002428
1415.808278346874,11.220738032406926,1.077576254843839,1.0002756134850972,0.0004100802543912297,0.0,4.87502605312784
1415.8291116600685,11.221991917398862,1.0763325118588676,0.9992268360828898,0.00041030644890043715,0.0,4.895859366322384
1415.8499449723304,11.221352243792234,1.0769668320148886,0.9999215447597534,0.00041032254014278366,0.0,4.916692678584241
1415.8707782836625,11.22098010614619,1.0773360272132886,1.0003702163130257,0.0004101471817387618,0.0,4.937525989916367
1415.8916115940629,11.221427373328213,1.0768923118702758,1.0000640674347725,0.000410190378911097,0.0,4.958359300316715
1415.912444903532,11.221510827475576,1.076809540681979,1.00009308268927,0.00041022564113126734,0.0,4.979192609785969
1415.9332782120691,11.221047881985447,1.0772687778444987,1.0006255507779267,0.00041012754714279254,0.0,5.00002591832299
1415.9541115196744,11.223411592380156,1.0749260525763535,0.9985552416449187,0.00041061697857764273,0.0,5.020859225928234
1415.974944826349,11.221413552707697,1.0769060200018112,1.0005004954387402,0.000410315775224052,0.0,5.041692532602838
1415.9957781320932,11.221665017405746,1.0766566293226807,1.0003747548146162,0.0004102646291963018,0.0,5.062525838347028
1416.016611436905,11.221046605549192,1.077270044326843,1.0010507477703592,0.0004101536933309709,0.0,5.083359143158759
1416.0374447407862,11.222108588048075,1.076216857922352,1.0001780342983044,0.0004103594997566465,0.0,5.104192447040077
1416.058278044201,11.22281731789611,1.0755145712030083,0.9996312777158028,0.0004105572779665853,0.0,5.1250257504548244
1416.0791113462192,11.221837246155891,1.0764858543975873,1.000640060706991,0.0004102906971222528,0.0,5.1458590524730425
1416.0999446473065,11.222077717208315,1.0762474585326607,1.0005244894560328,0.00041052157984071495,0.0,5.166692353560393
1416.1207779474626,11.222831226037469,1.075500794087703,0.9999363359632218,0.000410530638122899,0.0,5.1875256537164205
1416.1416112471525,11.2229213255028,1.0754115477076855,0.9999593505770791,0.0004105520286752057,0.0,5.208358953406332
1416.162444545445,11.223263312115826,1.0750728665105944,0.9997504113112201,0.00041064280073524603,0.0,5.229192251698805
1416.183277843272,11.22169742241814,1.0766244957799112,1.0012994844240604,0.00041028579287771046,0.0,5.250025549525844
1416.204111139703,11.222457371279384,1.0758711882223577,1.0007049846331613,0.00041046141839718955,0.0,5.270858845956809
1416.2249444356676,11.223459341513994,1.074878779897133,0.9998879392702683,0.00041064801589064096,0.0,5.2916921419214304
1416.2457777302352,11.22451631339208,1.073832886973658,0.9990209621583185,0.00041083970964082676,0.0,5.312525436489068
1416.2666110243376,11.2238012892012,1.0745403050099447,0.9997851352113606,0.00041073886829884565,0.0,5.333358730591499
1416.2874443175085,11.223364667323498,1.0749725114267954,1.0002933779287648,0.0004106285241555322,0.0,5.35419202376238
1416.3082776092815,11.223551385988289,1.0747876597353667,1.000227476938557,0.0004106627004647416,0.0,5.3750253155353676
1416.3291109005895,11.223079653123616,1.075254737115043,1.000768329776028,0.00041060483495046376,0.0,5.395858606843376
1416.3499441909667,11.22312120663174,1.0752135855431815,1.0008362249291283,0.0004106497229599123,0.0,5.416691897220517
1416.370777480412,11.2238603040012,1.0744819003463348,1.000261299964468,0.00041073655969108886,0.0,5.43752518666588
1416.391610768926,11.224082756547043,1.0742617762050175,1.0001625281080457,0.0004107912775718768,0.0,5.458358475179921
1416.4124440569744,11.222765980928337,1.075565426062591,1.0014825546652766,0.0004105252379649647,0.0,5.4791917632283
1416.4332773436265,11.224921202571148,1.0734325113987708,0.9996026611966947,0.000410942839814182,0.0,5.500025049880378
1416.4541106293464,11.223902030575665,1.0744406070862305,1.0006476531984398,0.0004107407598292336,0.0,5.520858335600224
1416.4749439146005,11.224345424611837,1.074001915540266,1.0003453026636884,0.00041083692721095627,0.0,5.541691620854408
1416.495777198459,11.224259877938202,1.0740865409866815,1.0005303668198158,0.0004108802639338806,0.0,5.562524904712973
1416.51661048185,11.225014522592366,1.0733402528561764,0.9999413775728476,0.000411004440994849,0.0,5.58335818810383
1416.5374437638445,11.223650636427424,1.0746894146264443,1.0013046260354315,0.0004106794403321268,0.0,5.604191470098385
1416.5582770453739,11.224876240293739,1.073476965078687,1.0002812180031044,0.000410956808678159,0.0,5.625024751627734
1416.5791103259721,11.225412189421206,1.0729471982121632,0.9998937935961453,0.0004110522432221985,0.0,5.645858032225988
1416.5999436056381,11.224727476780632,1.0736240589535293,1.0006308786822455,0.00041089923251889416,0.0,5.666691311892009
1416.6207768843728,11.224052052008675,1.074292156676983,1.0013599523076395,0.0004107681411246808,0.0,5.687524590626708
1416.6416101621771,11.225195850669342,1.0731610099868631,1.00041190645312,0.0004110052699224591,0.0,5.708357868430994
1416.6624434390505,11.223791554050274,1.0745499398170886,1.0018131504214303,0.0004106645529447048,0.0,5.729191145304412
1416.683276715457,11.224704939927939,1.073646344623182,1.0010771221615404,0.0004108962966128019,0.0,5.750024421710805
1416.7041099904663,11.22568560288132,1.0726770393369123,1.0002796622288175,0.00041125498592927497,0.0,5.770857696720213
1416.724943265012,11.225174419170987,1.0731821934707657,1.0008571237554342,0.00041099163768186134,0.0,5.79169097126578
1416.7457765381591,11.225103662781951,1.0732521340058603,1.0010287817151868,0.00041100557180285185,0.0,5.812524244412998
1416.7666098108398,11.224799289476449,1.073553049726869,1.0014159310504163,0.0004109702393947751,0.0,5.833357517093646
1416.787443082591,11.225779965775018,1.072583815485216,1.0006182341561398,0.0004111517823037899,0.0,5.8541907888447895
1416.80827635341,11.225648281054308,1.0727139128931376,1.0008460480550256,0.00041107962939059917,0.0,5.875024059663929
1416.8291096232974,11.226592989935778,1.071780940778074,1.000081957110491,0.00041132017412079483,0.0,5.895857329551291
1416.8499428922541,11.22629452271622,1.0720756122174475,1.0004633432714394,0.0004112297522043383,0.0,5.916690598508012
1416.8707761607452,11.227502954065153,1.0708830489838626,0.9994567722158052,0.000411466891285898,0.0,5.937523866999072
1416.891609427838,11.226278883983113,1.0720910542972495,1.0006906796039967,0.0004112444127322678,0.0,5.958357134091784
1416.9124426944663,11.226699194371514,1.0716761065443723,1.0004098226672231,0.00041132181927017105,0.0,5.979190400720199
1416.9749424887632,11.22700699611194,1.071372333845046,1.0004456631246383,0.0004113998612302586,0.0,6.041690195017054
1417.058275535252,11.228031990384054,1.0703613771257825,0.9999274318290783,0.0004115954979258397,0.0,6.1250232415059145
1417.162441824154,11.229705248612813,1.0687130839124936,0.9989195406171463,0.00041195459198760175,0.0,6.2291895304078935
1417.204108333663,11.231101093636058,1.067340006984333,0.9978487943604681,0.0004122923863182386,0.0,6.270856039916907
1417.224941587252,11.231085737398736,1.0673551031396304,0.9979692733001867,0.0004122627887709463,0.0,6.291689293505897
1417.2457748399102,11.229770003859347,1.0686493458560378,0.999285898170064,0.0004120256652091073,0.0,6.312522546164018
1417.2666080916374,11.231954300321327,1.066501586099567,0.9973838702217878,0.00041241913473838394,0.0,6.333355797891272
1417.3082745927625,11.23000873892085,1.068414393738288,0.999385814196491,0.00041210085555178896,0.0,6.3750222990163365
1417.329107842162,11.229214327965066,1.069196416739751,1.000223974696963,0.0004118429571210911,0.0,6.395855548415966
1417.370774337699,11.231557884862198,1.0668910498607367,0.9982802576738801,0.00041232770363935694,0.0,6.4375220439528675
1417.391607584304,11.232038518660927,1.0664188629584184,0.9979448904639734,0.0004124616746391996,0.0,6.458355290557847
1417.4124408220614,11.231795076878175,1.0666580002506425,0.9982751732564961,0.00041237874716327567,0.0,6.479188528315262
1417.4332740668028,11.23095958507911,1.0674791269534538,0.9991502630992047,0.00041226701466045136,0.0,6.500021773056687
1417.454107311079,11.2319484532918,1.0665073295601133,0.9983472008027235,0.00041240826697198766,0.0,6.520855017332906
1417.4749405544244,11.233343274458758,1.0651380910051564,0.9971718865428969,0.0004127279536849017,0.0,6.5416882606782565
1417.4957737968389,11.23016263131124,1.0682629672754926,1.0002041169099742,0.00041205457742227305,0.0,6.562521503092739
1417.5166070383211,11.230151314030755,1.068274102479964,1.0003213182899502,0.00041207378906492424,0.0,6.58335474457499
1417.537440278872,11.230206798032132,1.0682195122332196,1.000376993456836,0.00041211641862165776,0.0,6.604187985125918
1417.558273518958,11.229942385739223,1.0684796903179774,1.0007274894107825,0.0004120842427779248,0.0,6.625021225211867
1417.579106758112,11.23221471134307,1.0662458191251294,0.998741908935422,0.00041247114185986796,0.0,6.6458544643658115
1417.599939996334,11.230276901648107,1.068150541858489,1.000632898336062,0.0004121396808322647,0.0,6.666687702587751
1417.6207732336256,11.230187954836651,1.068238051583448,1.0008217626236084,0.0004120900354260068,0.0,6.687520939879505
1417.641606469986,11.23044421017757,1.067985955905705,1.000692460294249,0.0004121387062872698,0.0,6.708354176239936
1417.66243970588,11.230709771177056,1.0677247683956796,1.0005546104665326,0.00041226805050175266,0.0,6.729187412133797
1417.6832729403775,11.23125306727028,1.0671906187744684,1.0001609136763165,0.0004122762834854987,0.0,6.750020646631356
1417.7041061744094,11.231390663269963,1.0670553816375323,1.0001410296872424,0.00041231133226367995,0.0,6.770853880663253
1417.724939407511,11.232352019547195,1.066110984309104,0.9993626421139362,0.00041253660056779376,0.0,6.791687113764965
1417.7457726401453,11.23264941584375,1.0658190035884758,0.9991957228506472,0.0004125931301727288,0.0,6.812520346399197
1417.766605871383,11.23176634554817,1.0666862270965083,1.000115627588723,0.0004123764477216114,0.0,6.833353577636899
1417.7874391021555,11.23216280998629,1.0662967900029081,0.9998573691167106,0.00041247123639001306,0.0,6.854186808409395
1417.8082723319972,11.233650422203144,1.0648368129506354,0.9985951119432505,0.0004128182693488675,0.0,6.875020038251023
1417.829105560906,11.233582009655507,1.064903910735543,0.9987648160463225,0.00041280338213392335,0.0,6.895853267159964
1417.8499387893498,11.233665158962328,1.0648223599581697,0.9987951252417724,0.0004128845124737682,0.0,6.916686495603699
1417.8707720163975,11.232344637517304,1.066118232929784,1.0001175918961742,0.0004124943611669936,0.0,6.937519722651359
1417.891605242979,11.233006474877525,1.065468552224149,0.9996150367879719,0.0004126515501022433,0.0,6.9583529492329035
1417.9124384686288,11.233431420997459,1.0650516202542974,0.9993307607296763,0.00041272510765922004,0.0,6.9791861748826705
1417.933271693813,11.232839301022713,1.0656326180420534,0.9999828747856309,0.0004126185073383565,0.0,7.000019400066776
1417.9541049176005,11.234506059539964,1.063997976395571,0.9985557639637067,0.0004130386020882627,0.0,7.020852623854353
1417.974938140922,11.233226414447687,1.0652527401689154,0.9998403276659141,0.00041269532227818876,0.0,7.041685847175813
1417.995771363312,11.232332027220574,1.0661306154452441,1.0007713829853253,0.00041249796816094595,0.0,7.062519069565951
1418.016604584771,11.23323238758166,1.0652468797400183,1.00004884535132,0.00041271361005427976,0.0,7.083352291024767
1418.037437805765,11.232839959413726,1.0656319718420613,1.000517450216139,0.00041264874667809294,0.0,7.10418551201883
1418.058271025362,11.233597644867391,1.0648885756308237,0.9999265089699302,0.0004127708105196054,0.0,7.12501873161591
1418.0791042444926,11.234232078929804,1.0642665053419396,0.9994493779854109,0.0004129401904870301,0.0,7.145851950746419
1418.099937462692,11.23350202756863,1.0649823610755076,1.0002287215340193,0.0004127289478069668,0.0,7.166685168945833
1418.1207706804248,11.234290315011824,1.0642094223699743,0.9996098103121673,0.0004130093508714729,0.0,7.187518386678676
1418.1416038967614,11.23293004901118,1.0655435540734168,1.0009701455548854,0.0004126318838814496,0.0,7.208351603015217
1418.1624371126331,11.233416918079024,1.065065846969657,1.000628551020433,0.00041274572306817343,0.0,7.229184818887006
1418.1832703275732,11.233753688467763,1.0647355392798656,1.0004253797699696,0.0004128239447856981,0.0,7.250018033827018
1418.204103542047,11.234025011685372,1.0644694973278979,1.000282555533832,0.0004128763390150461,0.0,7.2708512483009144
1418.2249367555896,11.234347983664865,1.0641528986086468,1.0000921873767812,0.0004129390040060593,0.0,7.291684461843488
1418.2457699677361,11.233670429568669,1.0648171908887076,1.0008237197468837,0.0004128105096552437,0.0,7.312517673989987
1418.266603179882,11.23514946032642,1.0633676443372837,0.9995683948196064,0.00041311003149402175,0.0,7.333350886135804
1418.2874363906303,11.234354947395282,1.064146073331834,1.00040732816174,0.0004129293999700152,0.0,7.3541840968841825
1418.3082696009135,11.235176174375477,1.0633414809784256,0.9997580780995067,0.00041311294018107084,0.0,7.375017307167354
1418.3291028102658,11.233892753668913,1.0645991726567736,1.0010478647043706,0.0004128506814275425,0.0,7.395850516519658
1418.3499360186865,11.23523144395449,1.0632873527842028,0.9999215444145919,0.0004131167739621256,0.0,7.4166837249404125
1418.370769226176,11.23391015002441,1.0645821151088914,1.0012464903105738,0.00041288937426001355,0.0,7.437516932429844
1418.3916024331988,11.23472306797987,1.0637853340736596,1.0006043991167282,0.00041301863535703144,0.0,7.458350139452705
1418.4124356392908,11.234573916742447,1.0639314798841253,1.000849189320026,0.0004130561231258271,0.0,7.479183345544698
1418.4332688444524,11.23470007412506,1.0638078632887944,1.0008402370728198,0.0004130146172982612,0.0,7.5000165507062775
1418.4541020491479,11.235664247181685,1.0628635827329793,1.000059111868838,0.00041320085454787237,0.0,7.520849755401741
1418.4749352529125,11.234664739624476,1.063842484710706,1.001087555117092,0.0004129844102244186,0.0,7.541682959166337
1424.9957095833024,11.277611465538545,1.0225831673838772,0.9985380867306599,0.00042184371957582095,1.0,14.062457289556278
1425.016542686123,11.276228101789687,1.0238868966434815,1.0000241739598055,0.0004215235621013177,1.0,14.083290392376966
1425.0373757866155,11.277144947267699,1.0230226445180735,0.999392079691739,0.00042174274136326967,1.0,14.104123492869348
1425.05820888571,11.27658303126856,1.0235522405381008,1.0001207479632754,0.0004216059541604467,1.0,14.124956591963837
1425.0790419824766,11.277085901506332,1.0230782812309471,0.9998680253209169,0.0004216855082196537,1.0,14.145789688730474
1425.0998750773801,11.27800658808572,1.0222110952796895,0.9992299218966469,0.00042189346517290655,1.0,14.166622783634011
1425.120708170421,11.27704595798328,1.023115920302433,1.0003231943460853,0.00042168882192345186,1.0,14.187455876674903
1425.141541261135,11.278960339747142,1.0213135407526774,0.9987685814493275,0.00042205811872782044,1.0,14.208288967388853
1425.1623743499854,11.278652246826638,1.0216033939590914,0.9992589214093006,0.00042203901667914263,1.0,14.229122056239248
1425.1832074374383,11.277480691040417,1.0227063426578102,1.0005440801318635,0.00042198411054913704,1.0,14.249955143692205
1425.204040522564,11.277279955385787,1.02289544255634,1.0009346525374099,0.00042173394610775245,1.0,14.270788228817764
1425.2248736058264,11.277814581219532,1.0223918840421502,1.0006465939425617,0.0004219164809930426,1.0,14.291621312080224
1425.2457066872266,11.278309866900619,1.0219256008161468,1.0003940500589752,0.0004220167164123904,1.0,14.312454393480493
1425.266539766764,11.278119173944315,1.0221051021788252,1.0007728633693473,0.0004219063362923208,1.0,14.33328747301789
1425.2873728444386,11.278776743837371,1.0214862575161536,1.000369152194273,0.00042203125728767924,1.0,14.354120550692414
1425.30820592025,11.278842330337568,1.0214245540518505,1.0005101572338067,0.0004220262643051142,1.0,14.374953626503839
1425.3290389941994,11.279136277395436,1.0211480558551131,1.0004399548343446,0.0004220898596873872,1.0,14.3957867004533
1425.3498720662856,11.278379611085102,1.0218599577269847,1.0013374448491354,0.0004219097641543051,1.0,14.416619772539434
1425.370705136976,11.278872631900159,1.0213960477461523,1.0010820324923502,0.0004220505505818623,1.0,14.437452843229948
1425.3915382053374,11.279449434076705,1.0208535706729525,1.0007486763203524,0.0004221631013895215,1.0,14.458285911591247
1425.4123712723017,11.279619039422336,1.0206941132475056,1.000789934572255,0.0004221723918915375,1.0,14.479118978555562
1425.4332043374038,11.280780148121032,1.0196031453592047,0.9999168832953947,0.0004224480666298378,1.0,14.499952043657686
1425.4540374006433,11.279433461977197,1.0208685884043986,1.0013540630230315,0.00042215993200970094,1.0,14.520785106897165
1425.4748704624844,11.280712079993018,1.0196670694069505,1.0003707156101478,0.0004224168108157987,1.0,14.541618168738296
1425.4957035224634,11.281896166151236,1.0185556433295404,0.9994746040028083,0.0004226846833036816,1.0,14.562451228717237
1425.5165365805806,11.28219927880937,1.0182713256333982,0.9993891445224717,0.00042273482208753083,1.0,14.583284286834441
1425.5373696373,11.280182308720542,1.0201647244814092,1.0014406019720106,0.0004224046700281898,1.0,14.604117343553753
1425.5582026921575,11.283357347558633,1.0171857953505967,0.9987082635727592,0.0004230204459246423,1.0,14.624950398411329
1425.5790357451524,11.28195786442549,1.01849776431656,1.0001878759199314,0.00042270526720030913,1.0,14.64578345140626
1425.59986879675,11.281943991398457,1.0185107782855383,1.0003914424367275,0.0004226819126099959,1.0,14.666616503003752
1425.6207018464856,11.281829937059332,1.0186177763527406,1.0006866546149182,0.00042267044785160096,1.0,14.687449552739508
1425.6415348948235,11.283058450000258,1.0174658598844084,0.9997442440427105,0.0004229101929681264,1.0,14.708282601077372
1425.662367941298,11.282888768945648,1.0176248839371287,1.0000890882138695,0.00042286395359056615,1.0,14.729115647551907
1425.6832009863765,11.282913185426768,1.01760199942865,1.000254504010929,0.0004229759008496423,1.0,14.749948692630369
1425.7040340295916,11.282530591959896,1.017960646841529,1.0007943618284771,0.00042277063107581833,1.0,14.770781735845503
1425.7248670714105,11.283323193304943,1.0172177937015672,1.0002505607300582,0.0004229488296106895,1.0,14.791614777664336
1425.7457001118323,11.283744080215648,1.0168235444536429,1.0000486807149256,0.0004231645447724304,1.0,14.812447818086184
1425.766533150392,11.283398249358514,1.0171474767000772,1.0005524717166592,0.00042304962349481594,1.0,14.833280856645843
1425.7873661875547,11.284128633998854,1.0164634624193347,1.0000640529657123,0.0004231106137062098,1.0,14.854113893808517
1425.8081992228535,11.28522085592119,1.0154414411940378,0.9992421320562317,0.00042334641418701987,1.0,14.87494692910741
1425.829032256756,11.285131556743035,1.0155249622324771,0.9995073182359415,0.00042335086557689165,1.0,14.895779963009772
1425.849865289262,11.28403799986069,1.0165483174097218,1.0006970804007786,0.00042312774802226845,1.0,14.916612995515834
1425.8706983203701,11.28483221307831,1.015804986857571,1.000147128645959,0.0004232928115676263,1.0,14.937446026624002
1425.8915313496154,11.285495746556398,1.0151843805854903,0.9997171419589214,0.000423477362212435,1.0,14.958279055869298
1425.912364377464,11.285348015036412,1.0153225218159547,1.0000336543303647,0.0004234172240645242,1.0,14.979112083717837
1425.933197403916,11.28558300039959,1.0151027998302364,0.9999970529577005,0.00042341563585858715,1.0,14.999945110169847
1425.9540304289717,11.285341956920085,1.015328187058652,1.000398345550293,0.0004233513479152751,1.0,15.020778135225555
1425.9748634521638,11.287728384167792,1.0130989660664056,0.9983801668539884,0.000423866559030886,1.0,15.041611158417709
1425.9956964744256,11.285895878224965,1.0148103186570774,1.0002446227285429,0.000423487931072296,1.0,15.06244418067945
1426.0165294948233,11.286668450721107,1.0140884714304346,0.9997103751085575,0.00042364510578914107,1.0,15.08327720107718
1426.037362513825,11.28552648878954,1.015155636409012,1.0009392617014752,0.0004234025553057643,1.0,15.104110220078837
1426.0581955314285,11.286693660691416,1.0140649253394558,1.000039906842005,0.00042364036327635776,1.0,15.124943237682373
1426.0790285476355,11.286690191089143,1.0140681659126052,1.000218607447344,0.0004236175920436401,1.0,15.14577625388938
1426.0998615624467,11.287449136862417,1.0133595648557878,0.9996944885729638,0.00042381203761744337,1.0,15.16660926870054
1426.1206945758595,11.28697972389025,1.0137977808495569,1.0003011041368177,0.0004236989750687057,1.0,15.187442282113352
1426.14152758741,11.287806062602442,1.0130264870181616,0.999713705422596,0.000423912014204349,1.0,15.208275293663974
1426.1623605980303,11.287394921747198,1.0134101671816758,1.0002654601391103,0.0004237876107452996,1.0,15.229108304284182
1426.183193607253,11.288482187162668,1.0123958376356188,0.9994366914442201,0.0004240426038054489,1.0,15.249941313506952
1426.2040266146123,11.288559087595402,1.0123241342875764,0.9995377544852905,0.000424128116795894,1.0,15.270774320866167
1426.224859621042,11.28803856091176,1.012809581909391,1.0001884351297867,0.0004239736148676901,1.0,15.291607327295878
1426.2456926260725,11.288502219623908,1.0123771585189112,0.9999321655165601,0.0004240315376532996,1.0,15.312440332326332
1426.2665256297064,11.28875731413108,1.0121393277131028,0.9998674455657756,0.0004240780232968768,1.0,15.333273335960257
1426.287358631944,11.289444143585543,1.011499257623723,0.9994046887725477,0.00042423656976484623,1.0,15.35410633819788
1426.3081916327847,11.288735175442042,1.012159965936452,1.0002266398219353,0.00042416527959674853,1.0,15.37493933903852
1426.329024632229,11.289422860120396,1.0115190860314975,0.9997618272135756,0.0004241986902848646,1.0,15.395772338482857
1426.3498576302754,11.289917929233265,1.0110579632450618,0.9994739776885088,0.0004243250098413193,1.0,15.416605336529301
1426.370690626925,11.289306972144757,1.011627058073792,1.0002040530284892,0.00042423089982773527,1.0,15.437438333178761
1426.391523622644,11.288642490260123,1.0122463738820207,1.000983452574024,0.0004240376587546935,1.0,15.458271328897808
1426.412356616499,11.290194177709209,1.010800748194965,0.9997202717562048,0.00042435881603218004,1.0,15.479104322752846
1426.433189609424,11.290553223003434,1.0104665387903378,0.9995555263454133,0.00042444117516566876,1.0,15.499937315677926
1426.4540226009506,11.289349738368651,1.0115872117307951,1.0008295916636323,0.00042416323491848313,1.0,15.52077030720443
1426.474855591081,11.289886075744258,1.0110876262479238,1.0005002321410794,0.00042428276723517394,1.0,15.54160329733486
1426.4956885802799,11.290617574717317,1.010406650093325,0.9999906901049016,0.0004244705129547359,1.0,15.562436286533739
1426.516521567616,11.290627043128827,1.0103978386488885,1.0001458202287705,0.00042445840218879,1.0,15.583269273869973
1426.5373545540215,11.291026660891816,1.0100260184731316,0.9999410710485708,0.00042453866206473547,1.0,15.60410226027534
1426.5581875390294,11.29180447822467,1.009302698755629,0.9993876921474988,0.0004247829763149159,1.0,15.624935245283268
1426.5790205231065,11.291732051521155,1.0093700290198566,0.9996166234417198,0.00042477420639501696,1.0,15.645768229360328
1426.5998535053209,11.292233242864423,1.0089041969199464,0.9993170129374371,0.00042482134434458115,1.0,15.666601211574744
1426.620686486604,11.293051316452164,1.0081443005401147,0.9987254723546505,0.00042497876477500424,1.0,15.687434192857836
1426.6415194664894,11.29226579163933,1.008873951909011,0.9996091195595173,0.0004248289112415089,1.0,15.708267172743263
1426.662352445443,11.292151494163372,1.0089801635426576,0.9998747278998948,0.00042479884262416553,1.0,15.729100151696912
1426.6831854225356,11.291467232790739,1.009616251527013,1.0006651051634001,0.00042461121380508375,1.0,15.749933128789507
1426.704018398696,11.293646285974006,1.007592001727265,0.9988180566489013,0.00042505230072879764,1.0,15.770766104949871
1426.7248513739255,11.292580424985847,1.0085816346797272,0.9999580684626296,0.00042491446096932215,1.0,15.791599080179367
1426.745684347292,11.293753967384585,1.0074920754768824,0.9990362021700578,0.0004251642529154117,1.0,15.812432053545763
1426.7665173197279,11.293704881859636,1.0075376246582448,0.9992393419463125,0.00042512509832642447,1.0,15.833265025981746
1426.787350291232,11.293839355840449,1.0074128436989818,0.9992731045800737,0.00042516611572303206,1.0,15.854097997485951
1426.8081832613393,11.293353198495204,1.007864031397645,0.9998778172564712,0.000425049342101889,1.0,15.874930967593173
1426.829016230049,11.293208876800367,1.0079980108232116,1.0001675137517163,0.00042505401860142234,1.0,15.895763936302956
1426.8498491973614,11.293896467762371,1.0073598531380958,0.9996905727327023,0.00042515967927358013,1.0,15.9165969036153
1426.8706821637425,11.294212115366289,1.007067033845123,0.9995558129820481,0.00042522597974583735,1.0,15.937429869996322
1426.891515129193,11.294163378551646,1.0071122403517758,0.9997560912158309,0.0004253882956606251,1.0,15.95826283544693
1426.9123480932467,11.294526395011133,1.0067755681417003,0.9995768619211364,0.0004252881774020626,1.0,15.979095799500556
1426.9331810559029,11.295006226927248,1.0063307305132445,0.9992897025950221,0.0004254077208069545,1.0,15.999928762156742
1426.9540140176287,11.29520445493648,1.006147016709377,0.9992613735915925,0.00042544588186321824,1.0,16.020761723882515
1426.974846977957,11.295634779682405,1.005748315656302,0.9990190507282105,0.0004255540941913977,1.0,16.04159468421085
1426.9956799368883,11.295095393060125,1.0062480889518999,0.9996688205735291,0.00042541092397573667,1.0,16.0624276431422
1427.016512894888,11.294950758121724,1.0063821439129699,0.9999549887029717,0.00042536333692109996,1.0,16.083260601141774
1427.0373458519562,11.29544257530263,1.0059263757982029,0.9996546655086436,0.000425486581596942,1.0,16.104093558210025
1427.058178807627,11.296075022027496,1.0053405893229148,0.9992246236131156,0.00042566210630201904,1.0,16.124926513880837
1427.0790117619017,11.29547492187955,1.0058964073859342,0.9999288647068313,0.0004255040171043996,1.0,16.145759468155575
1427.0998447152451,11.295856941397039,1.0055425419968966,0.9997285031784741,0.00042560464059783503,1.0,16.16659242149899
1427.1206776676577,11.296303535299828,1.0051290190605315,0.9994683372837079,0.0004258752919465089,1.0,16.187425373911537
1427.1415106186719,11.295527951169621,1.0058472788135444,1.00033328239018,0.0004255230721328789,1.0,16.208258324925737
1427.1623435682905,11.297024104469088,1.0044621676686012,0.99910594387878,0.00042585404594402374,1.0,16.229091274544317
1427.183176516977,11.296602816510143,1.004851995256669,0.9996435867471156,0.0004257566641918016,1.0,16.24992422323089
1427.2040094647325,11.296844341231703,1.004628488289628,0.9995707511741588,0.0004258274956306207,1.0,16.27075717098637
1427.2248424110903,11.296737073906895,1.0047277473301113,0.9998187122764746,0.0004258066020772874,1.0,16.291590117344185
1427.2456753565166,11.297321799277913,1.0041867949019285,0.9994291797903033,0.0004258720609207986,1.0,16.31242306277045
1427.266508300547,11.29677638200396,1.0046913727294207,1.0000798995773106,0.00042579600451287005,1.0,16.333256006800866
1427.287341243646,11.2974522818752,1.0040661200755334,0.9996056302746282,0.000425945014983077,1.0,16.35408894989996
1427.3081741853475,11.297576651756216,1.003951111999509,0.9996389101485395,0.00042597927188057637,1.0,16.37492189160139
1427.3290071261185,11.298499724317155,1.003097934319976,0.9989367327113181,0.0004261493033739565,1.0,16.395754832372404
1427.3498400659569,11.298286739784139,1.0032947273350954,0.9992797651628853,0.00042611698781619964,1.0,16.416587772210733
1427.3706730043996,11.298637105942056,1.0029710172057402,0.9991040498634892,0.0004261913609368779,1.0,16.43742071065344
1427.3915059414448,11.299329179456048,1.0023319038621266,0.9986137049404413,0.0004263164624833085,1.0,16.45825364769871
1427.4123388780245,11.2987455905379,1.0028708073488115,0.9992966865309133,0.00042621907236101305,1.0,16.47908658427832
1427.4331718132066,11.297983381039323,1.0035750907891308,1.000144340905648,0.0004260475043225893,1.0,16.49991951946049
1427.4540047469914,11.299334717729577,1.0023267910418403,0.9990457240499317,0.0004263215067025663,1.0,16.520752453245223
1427.4748376803109,11.298451427275408,1.0031425563378709,1.0000040573081264,0.0004261290146859655,1.0,16.541585386564748
1427.4956706117687,11.300211365505326,1.001517816534477,0.9985291307602755,0.0004266870782219121,1.0,16.562418318022537
1427.51650354276,11.300824947602681,1.0009519886727523,0.9981093441789602,0.00042666077955443303,1.0,16.583251249013756
1427.5373364723546,11.299851771241055,1.0018495727256498,0.9991486024783259,0.0004265005469023069,1.0,16.604084178608446
1427.558169401018,11.300498183203924,1.001253281654206,0.9986977641281941,0.0004267414960971672,1.0,16.624917107271813
1427.6206681800224,11.299281821666593,1.0023756246649431,1.0002476850300495,0.0004263040259657252,1.0,16.687415886276312
1427.6415011044942,11.300126327097802,1.0015962617546303,0.9996128211760184,0.00042647750049181827,1.0,16.708248810748046
1427.6623340275696,11.299711226632354,1.0019792669085201,1.0001377289756552,0.0004263686534773219,1.0,16.729081733823477
1427.6831669497135,11.299954913605662,1.001754403912625,1.0000556329135581,0.00042648919183612,1.0,16.74991465596736
1427.7039998704608,11.300047847102329,1.001668662500514,1.000112143636091,0.0004264640525852467,1.0,16.77074757671471
1427.7248327902776,11.300402331954157,1.00134167846217,0.9999274968920943,0.0004265480997853408,1.0,16.791580496531424
1427.7456657091616,11.299669671169175,1.0020176173929018,1.000744144811209,0.00042641092068318497,1.0,16.81241341541545
1427.7664986271145,11.300549506607714,1.0012059529276705,1.0000748291801347,0.0004266010051472785,1.0,16.83324633336838
1427.787331543671,11.29993214728934,1.0017754094723963,1.000784808116606,0.00042651790828255665,1.0,16.85407924992478
1427.8081644592949,11.300499934724947,1.0012516664232243,1.0004024503436804,0.00042656005162181287,1.0,16.87491216554872
1427.828997373988,11.30044911916998,1.0012985289571728,1.0005899297688488,0.00042674470554324054,1.0,16.895745080241795
1427.8498302877501,11.301098197909962,1.0007001079464846,1.0001322725288737,0.0004266825602770529,1.0,16.916577994004
1427.870663200115,11.300990071807139,1.0007997704522216,1.0003720113838268,0.00042673817530870166,1.0,16.93741090636877
1427.8914961115483,11.302069261316266,0.9998054994534431,0.9995179451433687,0.0004269928065380604,1.0,16.958243817802213
1427.9123290220514,11.301663104778228,1.000179580654396,1.0000315441242706,0.0004268283535913043,1.0,16.979076728305245
1427.9331619311579,11.301215235846225,1.0005922423685991,1.0005836207433143,0.00042671917087757185,1.0,16.999909637411747
1427.9539948397974,11.301474546403234,1.0003532956072858,1.0004839227645457,0.0004267799638326338,1.0,17.020742546051224
1427.9748277470403,11.302430673952689,0.999472746243279,0.9997421717106282,0.0004269912022184847,1.0,17.041575453294172
1427.995660653352,11.302318404226305,0.9995761013059358,0.9999842786720374,0.0004269150647440187,1.0,17.062408359605797
1428.0164935582661,11.302452681696034,0.999452487255272,0.9999991396086233,0.0004269488044625257,1.0,17.083241264519984
1428.0373264627146,11.301943710213068,0.9999211204863634,1.000606426718584,0.0004268454774139958,1.0,17.10407416896851
1428.0581593657662,11.303252937443949,0.9987160994396101,0.9995386252228504,0.00042710338839737277,1.0,17.12490707202005
1428.0789922678869,11.301858064491407,1.0,1.0009616165814195,0.0004269437643814154,1.0,17.145739974140724
1428.09982516861,11.302589126919463,0.9993268932584951,1.000425639639456,0.00042695760977979225,1.0,17.16657287486396
1428.120658068869,11.303460813042443,0.9985249030580007,0.9997602334339805,0.00042716334204873275,1.0,17.187405775122897
1428.1414909677305,11.303410104371608,0.9985715396653447,0.9999442400449289,0.00042712939480490074,1.0,17.208238673984397
1428.16232386566,11.302862066665694,0.9990757072460057,1.0005863184737935,0.0004270196166961686,1.0,17.22907157191389
1428.1831567626587,11.30283787428319,0.9990979689066501,1.000745655700897,0.0004270230311668121,1.0,17.24990446891252
1428.2039896587244,11.304064815600016,0.9979695712323375,0.9997521314501159,0.00042730386943207616,1.0,17.27073736497823
1428.2248225538597,11.303391136232026,0.9985889851642755,1.0005093142354808,0.0004271815439828683,1.0,17.29157026011353
1428.245655447598,11.304978485232375,0.997130112310906,0.9991839383213104,0.00042749252517287857,1.0,17.312403153851847
1428.2664883404059,11.304038284320281,0.9979939581259969,1.0001858232472443,0.0004272738807739361,1.0,17.33323604665975
1428.2873212327486,11.303860764694925,0.9981571450924339,1.0004855122729175,0.00042724370334121166,1.0,17.354068939002445
1428.3081541232268,11.304482496889372,0.997585727488241,1.0000486740331642,0.0004273558494644294,1.0,17.374901829480677
1428.3289870132403,11.303837231212778,0.998178780520844,1.0007790381649029,0.00042723679474980714,1.0,17.395734719494158
1428.349819902323,11.305543828192585,0.9966110417044847,0.9993427177761365,0.0004275718398449467,1.0,17.41656760857677
1428.370652790008,11.304204316966441,0.9978413548434435,1.000711941389196,0.00042729602200769875,1.0,17.437400496261944
1428.391485676761,11.305017168056375,0.997094586995128,1.000098308152547,0.00042752647066003754,1.0,17.458233383014885
1428.412318563049,11.30454769297178,0.9975258264475106,1.000666075167331,0.00042737981538947775,1.0,17.479066269302848
1428.4331514479404,11.306412301155486,0.9958141780951866,0.9990838959026626,0.00042774760286960116,1.0,17.49989915419428
1428.4539843314346,11.304968003072899,0.99713973907592,1.000548729367761,0.00042742155252954966,1.0,17.520732037688504
1428.474817214463,11.304711968256976,0.9973749090859996,1.000919538230026,0.0004273764477460134,1.0,17.541564920716837
1428.49565009656,11.304488040332306,0.9975806341281677,1.0012607399337832,0.0004273366170731278,1.0,17.562397802813848
1428.5164829772611,11.305803144490735,0.9963730404065072,1.000183145435477,0.0004276403160144663,1.0,17.583230683515012
1428.5373158574955,11.30527775732577,0.9968553014578729,1.0008016712197763,0.0004275541234529402,1.0,17.604063563749378
1428.558148736333,11.305423318182939,0.9967216655109278,1.0008018026504022,0.0004275183804170038,1.0,17.62489644258676
1428.5789816142396,11.306396581858237,0.9958285956050005,1.0000391281476988,0.00042779052859277973,1.0,17.6457293204935
1428.5998144912137,11.305578731432846,0.9965790040922443,1.0009267816195306,0.00042756447809148346,1.0,17.666562197467556
1428.6206473672569,11.306008439319985,0.9961846604897442,1.000664622822832,0.0004276177065439131,1.0,17.687395073510743
1428.6414802423697,11.308008478293043,0.994351273934663,0.9989565662215645,0.00042813000665858333,1.0,17.708227948623517
1428.662313116085,11.30634091779131,0.9958796515524106,1.0006256998835763,0.0004277310672465574,1.0,17.72906082233885
1428.6831459893347,11.306356460487134,0.9958653952868076,1.0007449670403052,0.0004277165647043047,1.0,17.749893695588526
1428.703978861653,11.305891118725574,0.996292310295153,1.0013075419664648,0.00042765564766490184,1.0,17.770726567906877
1428.7248117325748,11.306295347257807,0.9959214515027519,1.0010682353798748,0.0004277318065398459,1.0,17.7915594388287
1428.7456446025649,11.306751923075907,0.9955027327989135,1.0007806351432817,0.0004278217033499202,1.0,17.812392308818744
1428.7664774720888,11.307151092428029,0.9951368049233652,1.000545934878819,0.0004278721972276562,1.0,17.833225178342673
1428.7873103402167,11.306771362698772,0.9954849089257151,1.0010290532465662,0.0004278053246694139,1.0,17.854058046470527
1428.8081432074114,11.307794384193194,0.9945473673600523,1.000219217546623,0.0004280421182152259,1.0,17.87489091366524
1428.828976073677,11.308112524576968,0.9942559896497242,1.0000590006419754,0.0004281291524946346,1.0,17.895723779930904
1428.84980893901,11.307157784426325,0.9951306713586445,1.001071664609749,0.00042787425855182694,1.0,17.91655664526388
1428.8706418034121,11.307437571947727,0.9948742653627397,1.0009464972434925,0.0004280845533347339,1.0,17.93738950966599
1428.8914746668838,11.309329836278405,0.9931418689247182,0.9993360105552267,0.0004283303954411953,1.0,17.958222373137687
1428.9123075289576,11.307934104883854,0.9944193897687158,1.0007541019572717,0.0004280974111291025,1.0,17.97905523521149
1428.9331403905649,11.307890902496219,0.9944589593681323,1.0009264617381801,0.00042801006232469726,1.0,17.999888096818722
1428.953973251243,11.308434801264955,0.9939609106286375,1.000557598199516,0.0004281318943104873,1.0,18.020720957496906
1428.974806110522,11.307806716890228,0.9945360705260193,1.0012690174081254,0.0004280292496081074,1.0,18.04155381677583
1428.9956389693355,11.30771071585941,0.9946240115090037,1.001489971240205,0.0004280337071118673,1.0,18.062386675589323
1429.0164718267524,11.309895398760768,0.9926246737602958,0.9996089431925923,0.00042851424913080145,1.0,18.083219533006286
1429.037304683704,11.308462429076192,0.9939356184675129,1.001061338745358,0.000428169856823773,1.0,18.104052389957815
1429.058137539259,11.309549441040659,0.9929410129268765,1.0001916720436879,0.0004284006692006763,1.0,18.124885245512814
1429.0789703943483,11.309049271313153,0.9933985397602254,1.0007846223214987,0.0004282856143513561,1.0,18.145718100602153
1429.0998032480402,11.309672172081207,0.9928287777488608,1.0003426017915231,0.0004284257245513741,1.0,18.166550954294053
1429.1206361012669,11.309080867310872,0.993369631300546,1.001019572955161,0.00042826091004428675,1.0,18.187383807520746
1429.1414689530961,11.309764067142751,0.9927447497867256,1.00052178399769,0.00042844399785159235,1.0,18.20821665935
1429.162301803994,11.309391611908291,0.9930853632846751,1.0009969980236526,0.0004284024782509743,1.0,18.229049510247933
1429.1831346539607,11.310117987974687,0.992421194408725,1.0004593414892213,0.0004284924239446443,1.0,18.249882360214542
1429.2039675034605,11.31053186375005,0.9920429618197243,1.0002097996639456,0.00042861217527381703,1.0,18.270715209714353
1429.2248003515651,11.309293172734737,0.993175406274689,1.0014834347431516,0.00042835196759185586,1.0,18.291548057819
1429.2456331987373,11.31097858009013,0.9916348786737379,1.0000616772127042,0.00042877477450190807,1.0,18.312380904991187
1429.2664660449786,11.310117074773553,0.9924220291239501,1.0009872600938448,0.0004285437747081907,1.0,18.333213751232506
1429.287298890755,11.310400150500957,0.9921633162180978,1.0008580166108278,0.0004285665430138723,1.0,18.354046597008846
1429.3081317351334,11.31126701498881,0.9913714775678452,1.0001908292411317,0.00042874961919718715,1.0,18.374879441387293
1429.328964578581,11.310317955432975,0.9922384302447188,1.001197189466054,0.0004285337584643073,1.0,18.39571228483487
1429.3497974210975,11.311319340897636,0.9913237006185952,1.00040576025794,0.00042877952932643393,1.0,18.416545127351355
1429.3706302631474,11.310891228673325,0.9917146625068571,1.0009319310173748,0.0004286714892240615,1.0,18.43737796940127
1429.3914631038,11.311962483040169,0.9907366581570323,1.000076331061301,0.00042890753739728045,1.0,18.45821081005397
1429.4122959435226,11.311483067776516,0.9911742222299891,1.0006495843831735,0.0004288411498652214,1.0,18.479043649776486
1429.4331287823134,11.311200214057274,0.9914324744980509,1.001041908578166,0.0004287195319131019,1.0,18.499876488567224
1429.453961620638,11.312082100688478,0.9906275128041866,1.0003606342544644,0.0004289501090244325,1.0,18.520709326891847
1429.474794457567,11.312758997640943,0.9900101033832626,0.9998685706064215,0.0004290278469155796,1.0,18.54154216382085
1429.4956272935633,11.312285536176512,0.990441915316051,1.0004361976263758,0.0004289263181975813,1.0,18.562374999817166
1429.516460128629,11.31350127902208,0.9893334980354165,0.999447956726131,0.000429196220951637,1.0,18.583207834882842
1429.5372929632294,11.312747091275838,0.9900209600594319,1.0002739226921213,0.0004290277776689354,1.0,18.60404066948331
1429.5581257964316,11.313275622692982,0.9895391396689965,0.9999185511298514,0.00042917587911317924,1.0,18.624873502685432
1429.578958629168,11.313039824291758,0.9897540694882264,1.0002672070797012,0.00042909075928587834,1.0,18.64570633542189
1429.599791460509,11.3131965657119,0.9896111947638686,1.0002543170979985,0.0004291489829396225,1.0,18.66653916676296
1429.6206242913836,11.313002303929672,0.98978827353574,1.0005648268907132,0.00042908717750819606,1.0,18.687371997637456
1429.641457120861,11.313233235549623,0.9895777720328639,1.0004835742126788,0.0004291919897122124,1.0,18.70820482711497
1429.662289949873,11.313359062805791,0.9894630953366211,1.0004991975324171,0.00042926152589647227,1.0,18.72903765612682
1429.6831227774885,11.31340754028858,0.989418917377797,1.0005861043142892,0.00042917843147117883,1.0,18.74987048374237
1429.703955604637,11.313698747445642,0.9891535792294495,1.0004493557404783,0.00042931016484009374,1.0,18.770703310890894
1429.7247884308558,11.313741496580581,0.9891146336483796,1.0005415829686932,0.0004292540678430319,1.0,18.791536137109688
1429.7456212556772,11.314070989294612,0.9888145086118447,1.000369610460172,0.0004293191073335588,1.0,18.812368961931043
1429.766454080032,11.313811369587986,0.9890509808108064,1.0007405357138206,0.0004293551123115344,1.0,18.833201786285827
1429.787286903455,11.31485684021516,0.9880990681211019,0.9999089850574315,0.0004296473488897452,1.0,18.854034609708833
1429.808119725948,11.314249758577875,0.9886517111402155,1.000599954292147,0.00042935947947729146,1.0,18.87486743220188
1429.8289525475095,11.314695867496063,0.9882455758866355,1.0003206424139035,0.0004294583561849969,1.0,18.89570025376338
1429.849785368139,11.314398644149735,0.988516147931763,1.000726338050992,0.00042943453869860517,1.0,18.916533074392873
1429.870618187839,11.314968653832517,0.9879973148205953,1.0003328906996836,0.00042950266100767086,1.0,18.937365894092864
1429.8914510066056,11.31531748000948,0.9876799412563719,1.00014335647643,0.00042957322317454643,1.0,18.958198712859485
1429.912283824442,11.314744749987467,0.988201083662647,1.0008030077454602,0.0004294932144942883,1.0,18.97903153069592
1429.9331166418128,11.315805779875033,0.9872358411653215,0.999957313487715,0.0004296550468447139,1.0,18.999864348066694
1429.9539494577866,11.315068737830725,0.9879062446659401,1.000768375276104,0.00042959661465297855,1.0,19.020697164040484
1429.9747822728275,11.315344247463727,0.9876555915555596,1.0006464947098848,0.0004295609897557129,1.0,19.04152997908136
1429.995615087404,11.31644546235511,0.9866543633904293,0.9997640717686905,0.0004298122356862179,1.0,19.06236279365794
1430.016447901049,11.316999319177134,0.9861511786483619,0.9993861697847403,0.00042998362245238336,1.0,19.08319560730297
1430.0372807132976,11.316884603424551,0.9862553780392205,0.9996238265383307,0.0004299345289067406,1.0,19.10402841955147
1430.05811352508,11.316807219410231,0.9863256742307187,0.9998272127925303,0.0004298579452681365,1.0,19.124861231333853
1430.0789463359315,11.317343638925696,0.9858384899039977,0.9994654965988058,0.0004302009679724534,1.0,19.14569404218537
1430.099779145851,11.318256054764992,0.9850103727216605,0.9987580312653509,0.00043025622428911306,1.0,19.16652685210488
1430.1206119548394,11.317657852906441,0.9855532277785463,0.9994407071205603,0.00043010645459636883,1.0,19.187359661093296
1430.1414447628963,11.318521153105129,0.9847698974224267,0.9987785695339166,0.00043031318782912415,1.0,19.208192469150163
1430.162277570022,11.31814619585424,0.9851100448528793,0.9992559086318347,0.00043034024978426535,1.0,19.229025276275934
1430.1831103762165,11.319400704159335,0.9839724618596822,0.9982342594166949,0.0004304138942320106,1.0,19.249858082470382
1430.2039431819455,11.319390861896027,0.9839813816690348,0.9983756704805317,0.0004304899335268405,1.0,19.270690888199397
1430.224775986278,11.31857829429519,0.9847180713500238,0.9992556822203317,0.000430303912861781,1.0,19.291523692531882
1430.245608790145,11.319786515638251,0.9836228737852318,0.9982768056484552,0.00043051566018829544,1.0,19.312356496398934
1430.2664415930794,11.3206519957136,0.9828391044112901,0.9976138279986417,0.00043086880203728895,1.0,19.3331892993333
1430.2872743946168,11.320920177181968,0.9825963689446834,0.9974999633226893,0.0004307861051809638,1.0,19.35402210087068
1430.30810719569,11.320065006787113,0.9833706070426869,0.9984186456937885,0.00043059335440830734,1.0,19.374854901943763
1430.328939995831,11.32130250970074,0.9822504171335217,0.9974139896659928,0.0004309083882087174,1.0,19.395687702084842
1430.3497727955055,11.321461093075692,0.982106959440727,0.9974010503639499,0.0004309569581938854,1.0,19.41652050175935
1430.370605588661,11.320884081627645,0.9826290361340282,0.9980641528124935,0.00043076090502304715,1.0,19.43735329491483
1430.3914383864744,11.32134431698027,0.9822125953984072,0.9977741094818849,0.0004308614155432819,1.0,19.458186092728283
1430.41227118289,11.32175064715851,0.9818450770770505,0.9975337760344221,0.0004309526702793694,1.0,19.479018889143845
1430.4331039788399,11.322784403896808,0.9809106825942944,0.9967174127826414,0.0004311809134287026,1.0,19.499851685093745
1430.453936773859,11.323203965740106,0.9805317017845608,0.9964653499938663,0.0004312448207079019,1.0,19.520684480112777
1430.474769567481,11.322147653893877,0.9814861244609981,0.997568536348965,0.00043105608906165646,1.0,19.541517273734826
1430.4956023606373,11.323940066902516,0.9798671518628757,0.9960561697992671,0.0004315003576106585,1.0,19.562350066891213
1430.5164351533276,11.323459981367941,0.9803005205418455,0.9966299988266717,0.00043132357169975064,1.0,19.583182859581484
1430.5372679446205,11.3235619768272,0.9802084341721576,0.9966697813239419,0.0004313201627773349,1.0,19.604015650874317
1430.5581007349829,11.322720240589573,0.9809686527835374,0.9975763730996986,0.0004311431268469785,1.0,19.624848441236736
1430.6205991014126,11.31974451229832,0.9836609274532743,1.000716851285505,0.00043057635471047877,1.0,19.687346807666472
1430.6414318885154,11.31963355553961,0.9837614577707349,1.0009535776679557,0.00043066905472806833,1.0,19.708179594769263
1430.6622646746864,11.320919699307524,0.9825968014233964,0.9999029735678775,0.000430764386512752,1.0,19.729012380940276
1430.683097460392,11.320027627985612,0.9834044622713247,1.0008594990910555,0.0004305921661104213,1.0,19.749845166645855
1430.703930244701,11.320402548413234,0.9830649371004945,1.0006486451152685,0.000430705542921453,1.0,19.770677950954905
1430.7247630285433,11.320865450595644,0.9826458980108025,1.0003568783570338,0.00043075142311291823,1.0,19.791510734797157
1430.7455958109886,11.320420962600718,0.98304826436869,1.0009014736034159,0.00043062857313582006,1.0,19.812343517242425
1430.7664285929686,11.320708430028214,0.98278801980205,1.0007715332693907,0.00043073424490828267,1.0,19.833176299222487
1430.7872613740178,11.321063814196425,0.9824663853696669,1.000579127326027,0.00043078474069767613,1.0,19.85400908027168
1430.8080941541361,11.321332920872916,0.9822229049550717,1.0004663851122357,0.0004308452721721965,1.0,19.874841860390006
1430.8289269337874,11.322014078148593,0.9816068819755395,0.999974178756118,0.0004310101291204038,1.0,19.895674640041307
1430.849759712042,11.321707164678635,0.9818843996247667,1.0003923135726869,0.0004310562392581316,1.0,19.91650741829585
1430.870592489832,11.32161240647652,0.9819700978452299,1.0006152026126276,0.0004309143853866947,1.0,19.93734019608587
1430.8914252666905,11.32142553711921,0.9821391222478112,1.000923147910293,0.00043084710092344255,1.0,19.95817297294434
1430.9122580426179,11.32250392485727,0.9811641147121409,1.0000652240632348,0.0004310965000790278,1.0,19.979005748871714
1430.933090817612,11.322671746072558,0.9810124688258002,1.0000464838166594,0.00043115380039725556,1.0,19.999838523865947
1430.953923591675,11.322926140246132,0.9807826389459964,0.999948133038925,0.000431214968430804,1.0,20.020671297928857
1430.974756364808,11.321937130930202,0.9816764519091596,1.0009956139303429,0.00043101279086767374,1.0,20.04150407106181
1430.9955891374761,11.322036948219598,0.9815862055142076,1.0010398978329742,0.0004309776871317623,1.0,20.06233684373001
1431.0164219092117,11.32323631233788,0.9805024899078925,1.0000710303928952,0.0004313105369685785,1.0,20.083169615465522
1431.0372546800154,11.322378473119514,0.9812774901841143,1.0009980524352486,0.00043122583464147386,1.0,20.104002386269258
1431.0580874498892,11.322075249151192,0.9815515792368187,1.0014143825610902,0.000431013907418714,1.0,20.124835156143035
1431.0789202188312,11.322744418177365,0.9809468084427598,1.00093416591398,0.0004311515030501036,1.0,20.145667925085036
1431.099752987308,11.322864753050442,0.9808380936665896,1.0009601533577024,0.0004312310161832517,1.0,20.16650069356183
1431.1205857548516,11.324320064422459,0.9795242675282188,0.9997562554545816,0.00043162225100590475,1.0,20.18733346110548
1431.141418521464,11.323402860000709,0.9803520962181566,1.0007383280434958,0.0004313140005912966,1.0,20.20816622771781
1431.162251287147,11.323746071316213,0.9800422467755316,1.0005592736944722,0.0004313538834011478,1.0,20.228998993400864
1431.1830840518978,11.32428993292921,0.9795514517910936,1.000195525396553,0.00043143929816824827,1.0,20.249831758151686
1431.2039168161834,11.323934083714624,0.9798725516509718,1.0006608993740418,0.00043138445298564865,1.0,20.2706645224373
1431.2247495790716,11.32378308374139,0.9800088379954839,1.0009377704298785,0.0004313720682133691,1.0,20.291497285325477
1431.2455823414934,11.325085843903095,0.9788336438594399,0.9998751287977283,0.00043163931187790804,1.0,20.31233004774731
1431.2664151029849,11.323795497527875,0.9799976331090038,1.001202128333396,0.0004313327049251616,1.0,20.33316280923873
1431.2872478635454,11.324590793610696,0.9792800528200356,1.000607038545262,0.0004315314924360418,1.0,20.35399556979928
1431.3080806236399,11.324901141933886,0.979000174071429,1.000459205843782,0.00043162603104634676,1.0,20.374828329893717
1431.328913382802,11.324238025333539,0.9795982839552404,1.001208819397525,0.000431455249594873,1.0,20.39566108905592
1431.3497461405668,11.325485232408447,0.9784736457214672,1.0001977314012975,0.00043172223222831925,1.0,20.416493846820686
1431.370578898333,11.324735745752811,0.9791493219245461,1.0010270367152534,0.00043153814717690784,1.0,20.437326604586815
1431.391411654703,11.32536657589305,0.9785805857103411,1.000584281395551,0.00043166577672791687,1.0,20.45815936095687
1431.4122444101408,11.325171386863918,0.9787565265732904,1.0009030598922193,0.0004316765149332962,1.0,20.478992116394693
1431.4330771651125,11.324838801950246,0.9790563871798357,1.0013487711809643,0.00043153938693019713,1.0,20.4998248713664
1431.453909919153,11.325941818726752,0.9780622532001332,1.0004710865724247,0.00043186121987259026,1.0,20.520657625406784
1431.474742672262,11.326393573629911,0.9776553841028218,1.000194090983162,0.00043192123550903224,1.0,20.541490378515846
1431.495575424441,11.325727441997604,0.9782553889609673,1.0009473547610503,0.0004317562963083716,1.0,20.56232313069495
1431.5164081761527,11.326692297480657,0.9773864340512138,1.0001977220033058,0.00043202984493228604,1.0,20.583155882406572
1431.5372409269326,11.32593613238736,0.9780673756308472,1.0010342816666347,0.00043180274674340215,1.0,20.603988633186418
1431.558073676782,11.326827999972023,0.9772642814646375,1.0003520973544064,0.00043200885115091565,1.0,20.62482138303585
1431.578906425701,11.326259095859616,0.977776482632976,1.0010164056268331,0.0004319280281042085,1.0,20.64565413195487
1431.599739174154,11.326811729643536,0.9772789263939914,1.0006471160156951,0.00043206510363081956,1.0,20.666486880407774
1431.6205719212098,11.32641316831246,0.9776377401540003,1.0011548150622933,0.0004318972670390407,1.0,20.687319627463694
1431.641404667801,11.327403443719128,0.9767464654266232,1.000382439769787,0.0004321200497141821,1.0,20.708152374054862
1431.662237413459,11.326737327773378,0.9773458983443254,1.001136965006753,0.0004319963160880173,1.0,20.72898511971289
1431.6830701586518,11.327914809907549,0.9762865401606661,1.0001924268770586,0.0004322192515155706,1.0,20.749817864905708
1431.7039029024477,11.327037407025625,0.977075813677528,1.0011419100188297,0.0004320318185176075,1.0,20.770650608701544
1431.7247356457779,11.328521136150995,0.9757414879714444,0.9999155712959319,0.0004324257340084291,1.0,20.79148335203172
1431.7455683881772,11.327906219396581,0.9762942647197003,1.0006231449537857,0.0004322746271805111,1.0,20.812316094431026
1431.7664011301108,11.327181628927052,0.9769460341119809,1.0014325105856794,0.0004321017633733064,1.0,20.83314883636467
1431.7872338706475,11.328517804333213,0.9757444822511004,1.0003422006067377,0.0004323600323003957,1.0,20.853981576901333
1431.808066610718,11.328549560069881,0.9757159439822565,1.0004544513301352,0.0004323764224964758,1.0,20.87481431697188
1431.8288993498581,11.328839368903385,0.9754555369307952,1.000329090122318,0.0004324945352807131,1.0,20.89564705611201
1431.8497320885322,11.32842650590006,0.9758265350440246,1.0008513978217048,0.00043233334650676406,1.0,20.916479794786028
1431.8705648258092,11.328491337158324,0.9757682684291058,1.0009336557653483,0.0004323329848130683,1.0,20.93731253206306
1431.891397562621,11.328954371590731,0.9753522207968004,1.0006490143394449,0.0004324562489568908,1.0,20.958145268874887
1431.9122302985006,11.33020115280312,0.9742328394280657,0.9996427210508765,0.0004327917501067943,1.0,20.97897800475448
1431.9330630339136,11.330441492063521,0.974017206491101,0.999563738578604,0.00043280021069039254,1.0,20.999810740167504
1431.9538957679301,11.328805027174077,0.9754863909813835,1.0012141206072795,0.0004324005770363794,1.0,21.020643474184
1431.9747285014819,11.32978832266063,0.974603343011564,1.000450461440331,0.0004327016561942932,1.0,21.04147620773574
1431.995561234103,11.329497165512732,0.9748647331904552,1.0008616791861258,0.0004327937308378031,1.0,21.062308940356843
1432.016393966258,11.329440866818048,0.9749152841757652,1.0010566596331847,0.00043257227031653835,1.0,21.08314167251183
1432.0372266970162,11.330882845764213,0.973621347226351,0.9998710741829608,0.0004329146428727648,1.0,21.10397440327006
1432.0580594273074,11.32938445605484,0.974965938417296,1.0013953403972582,0.0004325500678214481,1.0,21.124807133561262
1432.0788921566682,11.33029264857183,0.974150743587113,1.000701522196433,0.00043283619768604454,1.0,21.145639862922053
1432.0997248855624,11.330685794807248,0.9737980664221987,1.000482815559717,0.0004328328747344445,1.0,21.166472591816273
1432.1205576135255,11.331173217096849,0.9733609949181847,1.0001774645362855,0.00043298026932535,1.0,21.187305319779398
1432.141390340558,11.330602942455563,0.9738723796282874,1.000846890297097,0.0004328806544504857,1.0,21.208138046811882
1432.1622230666599,11.331283367732608,0.9732622500357297,1.0003638718804408,0.00043301986017429457,1.0,21.228970772913726
1432.1830557918302,11.330354132225876,0.974095580416525,1.001364717017639,0.00043277411301618037,1.0,21.24980349808402
1432.2038885165339,11.33200234447011,0.9726179671275751,0.9999900091817543,0.0004331512622497709,1.0,21.270636222787743
1432.2247212403065,11.331613555884758,0.9729663118489307,1.000492647267472,0.00043310203447222053,1.0,21.29146894656037
1432.245553963613,11.331935451776571,0.9726778924018549,1.0003406796688228,0.00043307689502149145,1.0,21.312301669866883
1432.266386685989,11.33109554146122,0.9734306335083157,1.0012597243783765,0.0004329237005467409,1.0,21.333134392242755
1432.2872194074334,11.332167064563617,0.9724704197127694,1.0004169767882305,0.00043327980256768983,1.0,21.353967113687304
1432.308052127946,11.331742241450815,0.9728509990313675,1.000953647366299,0.00043307541608201807,1.0,21.374799834199848
1432.328884847994,11.331625438059637,0.9729556638733371,1.0012066666518005,0.00043308304008819217,1.0,21.395632554247868
1432.3497175666448,11.331950773427481,0.9726641662997907,1.001052176734565,0.0004330709180980067,1.0,21.416465272898677
1432.370550285295,11.33272321097041,0.971972418969328,1.000485765739987,0.0004332655028492336,1.0,21.437297991548803
1432.3913830025485,11.332240689999983,0.9724044772387663,1.0010762656610397,0.00043319100540592823,1.0,21.4581307088024
1432.412215719336,11.332954402349422,0.9717654739304528,1.0005642613286267,0.0004333777255916725,1.0,21.478963425589882
1432.433048435193,11.33252051139025,0.972153896562626,1.0011102590856036,0.0004332507143493407,1.0,21.49979614144695
1432.453881150118,11.334180515562473,0.9706686863655409,0.9997268130853013,0.00043364805468505,1.0,21.520628856371786
1432.474713864578,11.334114494133454,0.9707277125654358,0.9999337983213233,0.0004336296741569283,1.0,21.54146157083187
1432.4955465781059,11.332745267694573,0.9719526735563215,1.0013421605937833,0.00043328085579937757,1.0,21.562294284359723
1432.516379290702,11.334195180003157,0.9706555761669621,1.0001523583925775,0.0004336311706120849,1.0,21.583126996955798
1432.5372120028342,11.333362998642205,0.9713998371719429,1.0010660232566226,0.00043343943319668494,1.0,21.60395970908803
1432.5580447140342,11.333858759943682,0.970956384596868,1.0007559367246255,0.00043355262849047307,1.0,21.62479242028803
1432.5788774243024,11.334669922429459,0.9702312459749679,1.000155485100687,0.00043371748356019755,1.0,21.645625130556255
1432.599710134105,11.334309111160758,0.9705537262784709,1.0006350840376914,0.00043365512464941787,1.0,21.666457840358817
1432.620542842977,11.33454996324064,0.9703384493477767,1.000560444869913,0.0004336927262337709,1.0,21.687290549230966
1432.641375550917,11.33446373166159,0.9704155188414547,1.0007874029460735,0.0004336756625754704,1.0,21.708123257170882
1432.6622082583922,11.336136519448345,0.9689215561654662,0.9993941099356021,0.0004340319980487105,1.0,21.728955964646048
1432.6830409649351,11.334820202543476,0.9700969625538834,1.0007542480350788,0.0004338166321564032,1.0,21.74978867118898
1432.7038736705465,11.336105752149807,0.9689490135911666,0.9997177781737675,0.00043401783584770943,1.0,21.770621376800364
1432.7247063756931,11.336303962530321,0.9687721398513004,0.9996831806049213,0.0004341107261996429,1.0,21.791454081946995
1432.7455390799084,11.336735958221947,0.9683867588151374,0.9994335190571056,0.000434140429961717,1.0,21.812286786162304
1432.766371783192,11.337829207358226,0.9674121618964783,0.9985756792915926,0.00043440809012252306,1.0,21.833119489445835
1432.7872044855444,11.338295401870287,0.9669968626490557,0.9982951196129257,0.00043450239587245593,1.0,21.85395219179827
1432.8080371874305,11.338350098563467,0.9669481489760479,0.9983931063602798,0.00043459028227507457,1.0,21.874784893684364
1432.8288698888518,11.338753028994882,0.9665893688718808,0.9981710324507095,0.00043462242975246594,1.0,21.895617595105705
1432.849702588876,11.337998899772817,0.9672609744561742,0.999013225503821,0.0004344816116058384,1.0,21.916450295129835
1432.8705352884344,11.339156607771194,0.9662301449085432,0.9980972056925275,0.0004346903347267728,1.0,21.937282994688303
1432.8913679875263,11.340213955132732,0.9652896369036064,0.9972743500945723,0.0004349662175972522,1.0,21.9581156937802
1432.9122006852226,11.340487713041407,0.9650462791163766,0.997171702625832,0.0004350118346649729,1.0,21.97894839147648
1432.933033382453,11.340503759131437,0.9650320168075559,0.9973059237462043,0.00043500196259051984,1.0,21.999781088706868
1432.9538660792175,11.340214827612899,0.9652888612126778,0.9977204963061203,0.00043494824681042415,1.0,22.02061378547137
1432.974698775051,11.340129049227562,0.9653651266908456,0.9979486303941537,0.00043493143947531703,1.0,22.041446481304774
1432.995531469953,11.34053599441393,0.9650033656326678,0.9977240615642077,0.0004350109616440991,1.0,22.062279176206857
1433.016364163924,11.340998636146441,0.964592256818024,0.9974485197641181,0.0004352248489022245,1.0,22.083111870177845
1433.037196857428,11.340706790459992,0.9648515738848105,0.9978663729243303,0.0004350529573626636,1.0,22.103944563681807
1433.058029550467,11.340289975494462,0.9652220522563277,0.9983994491308298,0.0004349215942176457,1.0,22.12477725672079
1433.0788622421087,11.341631394185281,0.9640302642436751,0.9973165691235539,0.0004352686282442169,1.0,22.145609948362562
1433.0996949332848,11.342165128460147,0.9635564755436332,0.9969763849338623,0.00043535594146272284,1.0,22.166442639538673
1433.1205276239962,11.342716786183344,0.9630670211512493,0.9966199944720384,0.000435555205765729,1.0,22.18727533025003
1433.1413603137755,11.342859040310246,0.9629408475161745,0.9966396020744864,0.0004355602292130063,1.0,22.208108020029385
1433.162193002624,11.341930495008528,0.963764727797992,0.997642773204717,0.0004353718489345792,1.0,22.22894070887787
1433.183025690541,11.342294478819372,0.9634416880366403,0.997458916215567,0.0004353843281243056,1.0,22.249773396794808
1433.2038583779924,11.341684015315508,0.9639835428277562,0.9981706866804827,0.0004352436378570221,1.0,22.27060608424631
1433.2246910649778,11.34099219661338,0.9645979778597664,0.9989579457771469,0.000435086653615437,1.0,22.291438771231697
1433.245523751033,11.34261990969208,0.9631529561287587,0.9976124037996884,0.0004356084840313294,1.0,22.312271457286897
1433.2663564361555,11.342033675746832,0.9636731427235073,0.9983023818256794,0.0004353377283928061,1.0,22.33310414240941
1433.2871891203465,11.341642437095889,0.9640204592414602,0.9988135521886308,0.00043524185729435145,1.0,22.353936826600375
1433.3080218040732,11.342827859485523,0.9629685022271446,0.9978749976880712,0.0004354731801675974,1.0,22.37476951032704
1433.328854487333,11.342079923503016,0.9636320952101552,0.9987142457862669,0.0004353431965800723,1.0,22.39560219358691
1433.349687169662,11.342804452183225,0.9629892630138921,0.9981996562648208,0.0004355403558574212,1.0,22.41643487591591
1433.3705198510602,11.344067499851917,0.9618696594261507,0.9971907430385017,0.00043576952561547353,1.0,22.437267557314044
1433.3913525319927,11.343616842165412,0.9622689865621843,0.9977565472956307,0.0004356705810542027,1.0,22.458100238246516
1433.4121852119924,11.34357533234735,0.9623057766903533,0.9979466597835766,0.0004356398716152562,1.0,22.4789329182463
1433.4330178910614,11.345189313292257,0.9608763416639543,0.9966161497605102,0.0004360713951352802,1.0,22.499765597315218
1433.4538505696646,11.344522962573828,0.9614662429293304,0.9973800991188437,0.0004358705452655224,1.0,22.520598275918474
1433.474683247802,11.344659256678609,0.961345556195604,0.9974071308851982,0.0004358962882400377,1.0,22.54143095405584
1433.4955159245435,11.34402713063308,0.961905423775252,0.9981404426989456,0.00043570788992449306,1.0,22.56226363079736
1433.516348601285,11.34554394270521,0.9605625459483419,0.9968993475276917,0.0004360787058850918,1.0,22.58309630753888
1433.5371812766289,11.346052870188602,0.9601123978168863,0.9965845959038866,0.0004361602411834406,1.0,22.603928982882735
1433.5580139519734,11.347134759293269,0.9591561638970185,0.9957444416363546,0.000436454891228131,1.0,22.62476165822727
1433.6205119724182,11.342337791884905,0.9634032544093537,1.000613573461697,0.0004354004936616798,1.0,22.687259678672035
1433.641344644503,11.34318093725946,0.9626553990113184,0.9999903101152349,0.0004356993917952021,1.0,22.708092350756942
1433.6621773156553,11.342176375815331,0.963546493924028,1.001069716154412,0.0004353464049569969,1.0,22.728925021909163
1433.683009986343,11.342623132490006,0.9631500971997415,1.0008116762687738,0.0004354689106722906,1.0,22.74975769259686
1433.7038426565646,11.342922673281421,0.9628844130053246,1.0006894946298786,0.0004355354681720866,1.0,22.77059036281844
1433.7246753253894,11.342627620569731,0.9631461158592742,1.0011155229816115,0.00043541014213287427,1.0,22.791423031643262
1433.7455079942144,11.342345298544545,0.9633965935691824,1.0015300867212402,0.00043537325558601895,1.0,22.812255700468313
1433.7663406621082,11.34283719179859,0.9629602251844548,1.0012307049226346,0.00043552225112233916,1.0,22.83308836836204
1433.7871733290708,11.343277578919503,0.9625697166189489,1.0009789981523836,0.00043553113604634196,1.0,22.853921035324674
1433.8080059955669,11.34342393888396,0.9624399685514904,1.0009984715713993,0.0004356273325064092,1.0,22.874753701820737
1433.828838661133,11.343427770119176,0.9624365723974545,1.00114946285324,0.00043561369064576996,1.0,22.89558636738684
1433.8496713262316,11.343910449448632,0.9620088027495962,1.0008590473656818,0.0004356511525713372,1.0,22.916419032485464
1433.870503990399,11.343181893990039,0.9626545507376326,1.0016856634496636,0.0004355424574726214,1.0,22.937251696652766
1433.891336654102,11.343612634926702,0.9622727153714067,1.0014431654877571,0.0004356984313645681,1.0,22.95808436035577
1433.912169317339,11.344148462091328,0.9617979364626489,1.0011039244010296,0.0004358611969665024,1.0,22.978917023592885
1433.9330019796448,11.344102445317237,0.9618387012230893,1.0013013321039488,0.00043582639686476045,1.0,22.999749685898678
1433.9538346410195,11.344640847070751,0.9613618567893131,1.0009599221470185,0.0004359199126845184,1.0,23.020582347273375
1433.974667301928,11.344480676508901,0.9615036897930628,1.0012627210658405,0.00043580265771957173,1.0,23.041415008181957
1433.9954999619058,11.34507862110348,0.9609743092245523,1.000866587147814,0.0004359244656816375,1.0,23.06224766815967
1434.0163326214174,11.345100642440078,0.9609548185563529,1.001001539264032,0.00043596954102912826,1.0,23.08308032767127
1434.037165280463,11.346306357686238,0.9598882659516252,1.000045705776402,0.0004362796335414453,1.0,23.10391298671675
1434.057997938577,11.346309666315163,0.9598853408311149,1.0001979113078692,0.00043623308542283835,1.0,23.12474564483091
1434.078830596226,11.345487073831846,0.9606128597724329,1.0011114613082734,0.0004361477183324354,1.0,23.145578302479862
1434.099663252944,11.345785623810354,0.9603487518603351,1.0009917288368206,0.00043608752050475284,1.0,23.166410959197947
1434.120495909196,11.346388630609106,0.9598155320583767,1.000591480629653,0.00043624727097329357,1.0,23.187243615449916
1434.1413285645172,11.346190018334205,0.9599911258927594,1.0009301840824227,0.00043620263527526155,1.0,23.208076270771016
1434.1621612193721,11.346935235468093,0.9593324425283094,1.000399041306669,0.0004363882832833308,1.0,23.228908925626
1434.182993873296,11.346379655803977,0.9598234660232983,1.0010668815952213,0.00043625123991164743,1.0,23.24974157954989
1434.203826526754,11.346634742168122,0.9595979884921557,1.0009875401168116,0.00043630057509499456,1.0,23.270574233007892
1434.224659179747,11.346427695553817,0.9597809983788356,1.0013344089196332,0.000436224225455017,1.0,23.291406886000914
1434.2454918318076,11.347185693735447,0.9591111686780658,1.0007914880668827,0.00043642578529964557,1.0,23.312239538061476
1434.266324483402,11.347195069427832,0.9591028864706431,1.0009388487901105,0.00043644574355273185,1.0,23.333072189655923
1434.287157134532,11.347574598821083,0.9587676815459049,1.0007450464585141,0.0004365858328203995,1.0,23.353904840785844
1434.307989784731,11.347270523860237,0.9590362348760927,1.001181493803655,0.00043644666877475416,1.0,23.3747374909849
1434.3288224344635,11.348549396794391,0.9579072650286525,1.0001589312434727,0.0004367040550503559,1.0,23.395570140717382
1434.3496550832651,11.348246283711543,0.95817472848512,1.000594343605942,0.00043661393525928866,1.0,23.416402789518997
1434.3704877316009,11.3472698060005,0.9590368689654084,1.0016510007813728,0.0004364239804530521,1.0,23.437235437854724
1434.3913203790062,11.347931607899861,0.9584524737669367,1.0011969561368785,0.00043659525343662744,1.0,23.458068085260038
1434.4121530264101,11.348001649930447,0.9583906449434554,1.00128874587998,0.000436585845402263,1.0,23.478900732663988
1434.4329856728823,11.34894846720813,0.9575552437900035,1.0005722479729287,0.0004367861192283753,1.0,23.49973337913616
1434.453818318424,11.34914834609165,0.9573789786384737,1.0005444040297538,0.00043694591869748625,1.0,23.52056602467792
1434.4746509635006,11.349043457794261,0.9574714713647985,1.0007974667737813,0.0004368555467093396,1.0,23.54139866975447
1434.495483608111,11.348379685591254,0.9580570070192438,1.001566054233626,0.000436672823359833,1.0,23.562231314364908
1434.5163162522558,11.349438001946329,0.9571236003637651,1.0007467104461432,0.0004369241456088793,1.0,23.583063958509683
1434.5371488954702,11.348795599714888,0.9576900733871083,1.0014956113936906,0.00043685471608056456,1.0,23.603896601724045
1434.5579815382175,11.349468902492642,0.9570963605783104,1.0010312953569132,0.000436923997110394,1.0,23.624729244471382
1434.5788141805,11.349274406021149,0.9572678281397828,1.0013672530543947,0.00043696740901790415,1.0,23.645561886753967
1434.599646821851,11.350162035745015,0.9564855459072765,1.0007054804340205,0.00043705743183471976,1.0,23.666394528104775
1434.6204794627356,11.349148421277697,0.9573789123410248,1.001796880041009,0.00043683148882311913,1.0,23.687227168989466
1434.641312103155,11.350352981810321,0.9563173456652151,1.000842664219423,0.0004371033777341382,1.0,23.70805980940895
1434.662144743109,11.350517003565937,0.9561728860794355,1.0008480872185976,0.0004371583723283666,1.0,23.728892449362775
1434.682977382132,11.350161435132103,0.9564860750208197,1.001332602483448,0.00043726783427063676,1.0,23.749725088385958
1434.70381002069,11.351129139447547,0.9556339496753877,1.0005971263793159,0.00043729272615980583,1.0,23.770557726943935
1434.724642658781,11.35165548946375,0.9551707837248179,1.0002687009993463,0.0004373867384763651,1.0,23.791390365034886
1434.745475295941,11.350788085239781,0.9559341829856794,1.0012248468439588,0.0004372179139880827,1.0,23.81222300219497
1434.766307933101,11.351714639978708,0.955118747784145,1.000527368686866,0.0004373826080761823,1.0,23.833055639354825
1434.78714056933,11.350927304399024,0.9558116156248242,1.0014099152299574,0.0004372667550389848,1.0,23.853888275583813
1434.8079732050928,11.351397661649932,0.9553976333378507,1.0011328557420578,0.0004373549743578259,1.0,23.874720911346685
1434.8288058403896,11.352187150286625,0.954703172377629,1.000561742588786,0.00043750578329789777,1.0,23.89555354664344
1434.849638474755,11.351602640690057,0.955217278290393,1.001257241168785,0.00043743395388639217,1.0,23.916386181008875
1434.8704711086555,11.353742411453485,0.953336588292025,0.9994422885996678,0.00043784948476789697,1.0,23.93721881490933
1434.891303742556,11.35292965406442,0.9540505015206093,1.0003472508889666,0.0004376542804935191,1.0,23.958051448809783
1434.9121363755248,11.351235002256729,0.9555407768013799,1.0020666052662317,0.00043734149865067717,1.0,23.978884081778688
1434.9329690080285,11.352928362837561,0.9540516361390919,1.0006614960320757,0.00043764662311447655,1.0,23.999716714282386
1434.953801640066,11.352568497452497,0.9543679073127767,1.0011498031920218,0.0004375690784939542,1.0,24.020549346319967
1434.9746342711728,11.353009224799113,0.9539805842448584,1.0009000289300718,0.00043765735539942434,1.0,24.04138197742668
1434.995466902279,11.353343470495094,0.9536869449367255,1.0007484246037435,0.0004377192452673235,1.0,24.06221460853294
1435.0162995324536,11.35315776148121,0.9538500816257923,1.0010761055827795,0.00043772820741837736,1.0,24.083047238707422
1435.037132162629,11.353198537941628,0.9538142590202976,1.0011949916226965,0.00043772875510267236,1.0,24.103879868882814
1435.057964791873,11.353486682183673,0.9535611592164278,1.001085746090861,0.0004377806642414131,1.0,24.124712498126883
1435.0787974206514,11.353183451685519,0.9538275123189359,1.0015218269982649,0.00043769761436393713,1.0,24.14554512690529
1435.0996300494298,11.35327439305388,0.9537476229810875,1.0015943729770715,0.0004376872482886105,1.0,24.166377755683698
1435.120462677276,11.354194547530277,0.9529396703976726,1.000902179278258,0.0004379535761868764,1.0,24.187210383529873
1435.1412953046574,11.354056091949612,0.9530611992071722,1.0011860949364486,0.0004379262361851754,1.0,24.208043010911297
1435.1621279315732,11.353939706750149,0.953163367821091,1.0014496877324677,0.0004379113182696247,1.0,24.22887563782706
1435.1829605580228,11.354953627649447,0.952273666306889,1.0006710162662997,0.0004381077000640026,1.0,24.249708264276705
1435.203793184473,11.355278763032977,0.9519885404100163,1.0005274166685738,0.0004382243714240577,1.0,24.270540890726807
1435.2246258099904,11.35343906681689,0.9536029789142239,1.0023804223426793,0.0004377945612356593,1.0,24.29137351624422
1435.245458435043,11.355622394202017,0.9516872875173269,1.0005226426232645,0.00043825498461969275,1.0,24.312206141296883
1435.2662910600955,11.355408575385278,0.9518747259458372,1.000875589104142,0.0004382571147328895,1.0,24.33303876634932
1435.287123684217,11.355476121801596,0.9518155092352943,1.000969174208848,0.00043824404950720635,1.0,24.353871390470886
1435.3079563083395,11.35567248516332,0.9516433819800162,1.0009439186836366,0.0004382490292770389,1.0,24.374704014593362
1435.3287889315302,11.356768299118388,0.9506833900235132,1.0000897438298426,0.0004385078777766498,1.0,24.395536637784062
1435.3496215547204,11.356476312679604,0.9509390911645522,1.0005142916253824,0.00043849414849245075,1.0,24.416369260974307
1435.370454177445,11.35600595268846,0.9513511439266374,1.0011034016338554,0.0004383494428473119,1.0,24.43720188369889
1435.3912868001698,11.356251605816011,0.9511359204250901,1.0010323899549527,0.0004384967317095833,1.0,24.4580345064237
1435.412119421962,11.356931465429655,0.9505405304172619,1.0005610781246912,0.00043852546816008995,1.0,24.478867128215825
1435.432952043755,11.356655772239442,0.9507819249881716,1.0009704617679518,0.0004385462746821063,1.0,24.49969975000886
1435.4537846646165,11.357856852340758,0.9497307176716033,1.000018825368358,0.00043884198733392505,1.0,24.52053237087034
1435.474617285944,11.357264432693075,0.9502490688709498,1.000719683033302,0.0004386371427568918,1.0,24.54136499219794
1435.4954499063401,11.357638323737824,0.9499218913782058,1.0005300648803077,0.0004387290622927666,1.0,24.56219761259399
1435.5162825267375,11.358038584993551,0.949571763187085,1.0003160969724256,0.000438809394931774,1.0,24.583030232991405
1435.5371151466688,11.357447190775412,0.9500891303137146,1.0010159203309668,0.000438672624804309,1.0,24.603862852922703
1435.557947766133,11.358013799214477,0.9495934407773524,1.0006483225324359,0.00043889517793783387,1.0,24.624695472386975
1435.5787803855978,11.35780436606359,0.9497766303291585,1.000995947411755,0.00043873380111319533,1.0,24.645528091851702
1435.599613004597,11.358854389538108,0.9488585383780165,1.0001827035754214,0.00043894505755375527,1.0,24.666360710850768
1435.6204456235955,11.359357287462418,0.9484191420559231,0.9998737218739674,0.00043912333514133746,1.0,24.68719332984938
1435.641278242129,11.359527296022323,0.948270646731962,0.9998712536542578,0.0004390916471280494,1.0,24.708025948382783
1435.6621108601971,11.358808949520343,0.9488982506496607,1.0006870649691877,0.0004389683518277037,1.0,24.72885856645098
1435.6829434782649,11.359683342449872,0.9481343672076151,1.0000353480287643,0.00043915982990052623,1.0,24.749691184518724
1435.7037760963335,11.3605751474252,0.9473559057573713,0.9993678753841199,0.00043933141244259906,1.0,24.770523802587377
1435.7246087139365,11.361746156949938,0.9463346956759053,0.9984439407738845,0.00043960270426165625,1.0,24.79135642019037
1435.745441331073,11.36064370464344,0.9472960882484636,0.9996116479210061,0.00043946540370604385,1.0,24.81218903732679
1435.7662739486755,11.361879775463564,0.9462182400816244,0.9986273659426417,0.00043977175292622624,1.0,24.833021654929325
1435.7871065653464,11.360912875816318,0.9470612676785595,0.9996701931468053,0.00043942297686077496,1.0,24.853854271600312
1435.8079391824826,11.362429859061898,0.9457389640844074,0.9984272023550321,0.0004397222990515121,1.0,24.874686888736505
1435.828771799153,11.361663764621555,0.9464065120869148,0.9992846921659827,0.00043962185605572214,1.0,24.89551950540681
1435.849604416289,11.362809013558824,0.9454087562714524,0.9983836578052168,0.00043980708786979695,1.0,24.916352122542776
1435.870437032495,11.362460638900924,0.9457121534463059,0.9988564153085134,0.0004397739589627322,1.0,24.937184738748783
1435.891269649167,11.362702765595955,0.9455012765990988,0.9987858994197024,0.0004398211654483089,1.0,24.958017355420907
1435.9121022658378,11.363051388994435,0.9451977305329273,0.9986172589084017,0.0004398651380028901,1.0,24.978849972091666
1435.932934882043,11.36371871477203,0.9446169623802995,0.9981554519147761,0.00044003942369463106,1.0,24.999682588296764
1435.9537674987141,11.364543468330835,0.9438996791492348,0.9975490219295013,0.00044026925204038837,1.0,25.020515204967978
1435.974600114919,11.363324933692569,0.944959623653064,0.9988207342042272,0.0004399309428683164,1.0,25.04134782117285
1435.9954327311239,11.364451650819726,0.9439795053386574,0.9979359578821811,0.0004402095638720281,1.0,25.06218043737772
1436.0162653477942,11.363556358166262,0.9447582271464909,0.9989103712327698,0.00044000792568571576,1.0,25.083013054048024
1436.037097964466,11.364855890738427,0.9436281095131301,0.9978663144351665,0.0004403366170269354,1.0,25.10384567071992
1436.0579305806718,11.36496839857866,0.9435303324843433,0.9979135764449788,0.00044040639803842867,1.0,25.1246782869257
1436.078763197343,11.364366185729946,0.9440538147963438,0.998617783365257,0.00044017895363741486,1.0,25.145510903596914
1436.0995958144795,11.365005109104995,0.9434984307117028,0.9981806038122409,0.00044031555429141164,1.0,25.166343520733335
1436.12042843115,11.366142255572413,0.9425107743640475,0.9972856663509039,0.00044067919752181696,1.0,25.187176137403867
1436.141261048287,11.364753896661158,0.9437167581173116,0.9987117099103244,0.0004403531140298691,1.0,25.20800875454097
1436.1620936658892,11.366093757463844,0.9425528757608449,0.9976296073098202,0.00044057595839773413,1.0,25.22884137214305
1436.182926283026,11.365851046018468,0.9427636027696633,0.9980020909388407,0.000440508844308113,1.0,25.249673989279927
1436.2037589010938,11.36510129522619,0.9434148492355985,0.9988408500417529,0.0004404424637969307,1.0,25.27050660734767
1436.224591519162,11.365614865317232,0.9429687048815091,0.9985175712125248,0.00044058264626297577,1.0,25.291339225415868
1436.2454241376954,11.366666144967775,0.9420561038009588,0.9976999548302896,0.00044087542125897375,1.0,25.312171843949272
1436.2662567562288,11.365090053124243,0.9434246177417746,0.9992980547474571,0.0004406973512120986,1.0,25.333004462482677
1436.2870893752279,11.366585387598173,0.9421261768095295,0.9980710275191772,0.00044143670162833027,1.0,25.353837081481743
1436.3079219951596,11.365530887156687,0.9430416432614912,0.9991891318249505,0.0004416944852735013,1.0,25.374669701413495
1436.328754615091,11.36672256838333,0.9420071484086076,0.9982409260394105,0.00044260515808912436,1.0,25.395502321344793
1436.349587235487,11.366889135849194,0.94186264212106,0.9982354162143291,0.0004435135143249612,1.0,25.416334941740843
1436.3704198563491,11.367004897995567,0.9417622252534783,0.9982763876604284,0.00044451392069879244,1.0,25.43716756260301
1436.3912524776756,11.36699396888493,0.9417717051578172,0.9984335881768497,0.00044556073447901207,1.0,25.45800018392947
1436.4120850999338,11.365702333037227,0.9428927416778576,0.9997691778285431,0.00044635721196114095,1.0,25.47883280618771
1436.432917722659,11.366830687349013,0.9419133468321674,0.9988774128289254,0.0004478189505921061,1.0,25.499665428912976
1436.4537503463162,11.367030022298481,0.9417404328092782,0.9988404737434198,0.00044920780842834247,1.0,25.52049805257002
1436.474582970437,11.365837815234944,0.9427750913587788,1.0000842217188919,0.00045068293716571254,1.0,25.541330676690905
1436.4954155950245,11.36692828504973,0.9418286812892135,0.9992262288806377,0.00045294764268490533,1.0,25.56216330127836
1436.516248221009,11.36682556368968,0.9419177917926258,0.99946647748938,0.0004552899270270609,1.0,25.5829959272628
1436.537080847459,11.368163996414104,0.9407573654801376,0.9983804147360954,0.000458367993785499,1.0,25.6038285537129
1436.5579134748405,11.367653432247522,0.9411998578182106,0.9989950913715243,0.0004615870123203183,1.0,25.624661181094325
1436.6204113635026,11.36504028226005,0.9434678659401514,1.001836991500653,0.0004732296353197306,1.0,25.68715906975649
1436.641243995075,11.36455294497728,0.9438914405324662,1.0024311387284053,0.00047833951949803827,1.0,25.707991701328865
1436.662076627578,11.364434045790201,0.9439948119312961,1.0026850406088776,0.0004842069096915913,1.0,25.72882433383188
1436.682909261945,11.364279699731144,0.9441290178601276,1.00297141058825,0.0004911680762988467,1.0,25.749656968198906
1436.7037418972432,11.36444829271266,0.9439824250065616,1.002959191009845,0.0004996659102333233,1.0,25.770489603497026
1436.7245745334722,11.36514965043265,0.9433728335012366,1.0024546350081551,0.000509871894852545,1.0,25.791322239726014
1436.7454071715629,11.366089624805198,0.9425564634248534,1.0017298178196357,0.0005218326587838215,1.0,25.812154877816738
1436.7662398110506,11.366219413739898,0.942443796934439,1.001752445325339,0.0005353639904769884,1.0,25.832987517304446
1436.7870724524014,11.366234672715407,0.9424305518886344,1.0018804152970615,0.0005508249216008721,1.0,25.853820158655253
1436.80790509515,11.365721535100306,0.9428760660565434,1.0024958119126737,0.0005683100585945242,1.0,25.874652801403954
