time,nflux_dtr,nflux_err,lc_part,pass_clean_scatter,pass_clean_outlier,pass_full_outlier
1325.328506,0.9970755,0.0038753499999999996,10,True,True,True
1325.34934,1.001066,0.0038636,10,True,True,True
1325.370174,0.997664,0.0038799,10,True,True,True
1325.391008,0.997788,0.00391005,10,True,True,True
1325.411841,0.9982089999999999,0.0039197,10,True,True,True
1325.432675,1.0005745,0.00391825,10,True,True,True
1325.453509,0.9984124999999999,0.00393365,10,True,True,True
1325.474343,0.9972095,0.003936449999999999,10,True,True,True
1325.495177,0.9976324999999999,0.0039577,10,True,True,True
1325.516011,0.9990285,0.00397485,10,True,True,True
1325.536845,1.0000175,0.00398665,10,True,True,True
1325.557679,0.997258,0.0040101,10,True,True,True
1325.578513,1.00243,0.0039927999999999995,10,True,True,True
1325.599347,0.997591,0.00401465,10,True,True,True
1325.620181,1.0003195,0.004027,10,True,True,True
1325.641014,0.9984740000000001,0.0040160000000000005,10,True,True,True
1325.661848,1.0004974999999998,0.0040137,10,True,True,True
1325.682682,0.996698,0.00403465,10,True,True,True
1325.703516,1.0010625000000002,0.0040238,10,True,True,True
1325.72435,0.9961245000000001,0.00404415,10,True,True,True
1325.745184,0.9989165,0.00403065,10,True,True,True
1325.766018,0.9982845,0.00405635,10,True,True,True
1325.786852,1.0000434999999999,0.0040451,10,True,True,True
1325.807686,0.9987595,0.00406135,10,True,True,True
1325.828519,0.9979830000000001,0.0040809,10,True,True,True
1325.849353,0.9937155,0.00408925,10,True,True,True
1325.870187,0.995169,0.004074599999999999,10,True,True,True
1325.891021,0.9982869999999999,0.0040611,10,True,True,True
1325.911855,0.9982515,0.0040517999999999995,10,True,True,True
1325.932689,1.0004404999999998,0.00403945,10,True,True,True
1325.953523,0.9958605,0.0040642000000000005,10,True,True,True
1325.974357,0.996696,0.0040709000000000006,10,True,True,True
1325.995191,0.9982445,0.0040559,10,True,True,True
1326.016024,0.9970575,0.0040558,10,True,True,True
1326.036858,0.997706,0.004059,10,True,True,True
1326.057692,0.9981610000000001,0.0040739999999999995,10,True,True,True
1326.078526,0.9979104999999999,0.004066500000000001,10,True,True,True
1326.09936,0.9983124999999999,0.0040794,10,True,True,True
1326.120194,0.996534,0.00409555,10,True,True,True
1326.141028,0.996285,0.0040942,10,True,True,True
1326.161862,0.9971635,0.0040906,10,True,True,True
1326.182695,0.997235,0.0041012,10,True,True,True
1326.203529,0.997618,0.0041067,10,True,True,True
1326.224363,0.9991825,0.004111999999999999,10,True,True,True
1326.245197,0.9960505,0.004111,10,True,True,True
1326.266031,0.9951035,0.004113749999999999,10,True,True,True
1326.286865,0.9963245000000001,0.00410815,10,True,True,True
1326.307699,0.9972495,0.00411775,10,True,True,True
1326.328533,0.9980789999999999,0.004122499999999999,10,True,True,True
1326.349366,0.9967565,0.0041215,10,True,True,True
1326.3702,0.9952885,0.004147400000000001,10,True,True,True
1326.391034,0.9969495,0.00413505,10,True,True,True
1326.411868,0.99665,0.00415995,10,True,True,True
1326.432702,0.996221,0.0041586,10,True,True,True
1326.453536,0.995935,0.00416725,10,True,True,True
1326.47437,0.997141,0.0041837,10,True,True,True
1326.495204,0.99659,0.0041870499999999995,10,True,True,True
1326.516037,0.9962715,0.0041829499999999995,10,True,True,True
1326.536871,0.9979125,0.0041872,10,True,True,True
1326.557705,0.9980625,0.0041919,10,True,True,True
1326.578539,0.999005,0.004213150000000001,10,True,True,True
1326.599373,0.9999095,0.00420745,10,True,True,True
1326.620207,0.9956320000000001,0.0042366,10,True,True,True
1326.641041,1.00181,0.0042165499999999995,10,True,True,True
1326.661874,0.996075,0.0042217999999999995,10,True,True,True
1326.682708,0.995767,0.0042419499999999995,10,True,True,True
1326.703542,0.9962500000000001,0.0042434,10,True,True,True
1326.724376,0.99536,0.0042462,10,True,True,True
1326.74521,0.9962095,0.0042137,10,True,True,True
1326.766044,1.0001805,0.0042152,10,True,True,True
1326.786878,0.9977515,0.0042105,10,True,True,True
1326.807712,0.9949509999999999,0.004218400000000001,10,True,True,True
1326.828545,0.993995,0.004240900000000001,10,True,True,True
1326.849379,0.9978755,0.0042339000000000005,10,True,True,True
1326.870213,0.9984695,0.0042003000000000006,10,True,True,True
1326.891047,0.9977265,0.0042337,10,True,True,True
1326.911881,0.9973475,0.0042158000000000004,10,True,True,True
1326.932715,0.9949935000000001,0.00420015,10,True,True,True
1326.953549,0.9980150000000001,0.00417485,10,True,True,True
1326.974382,0.9958165,0.0041907,10,True,True,True
1326.995216,0.995596,0.0041893,10,True,True,True
1327.01605,0.9970075,0.0041695,10,True,True,True
1327.036884,0.997404,0.0041831,10,True,True,True
1327.057718,0.9985999999999999,0.0041692,10,True,True,True
1327.078552,0.998285,0.0041793,10,True,True,True
1327.099385,0.997609,0.00418005,10,True,True,True
1327.120219,0.9930755,0.0041919,10,True,True,True
1327.141053,0.9955,0.004194,10,True,True,True
1327.161887,0.9874435,0.0042321500000000005,10,True,True,True
1327.182721,0.995822,0.0041930000000000005,10,True,True,True
1327.203555,0.9969034999999999,0.004189,10,True,True,True
1327.224389,0.9946429999999999,0.0041873,10,True,True,True
1327.245222,0.995815,0.00417475,10,True,True,True
1327.266056,0.9967085,0.0041493,10,True,True,True
1327.28689,0.9965505,0.00414955,10,True,True,True
1327.307724,0.9963025000000001,0.0041636,10,True,True,True
1327.328558,0.997187,0.00412915,10,True,True,True
1327.349392,0.996714,0.0041511,10,True,True,True
1327.370226,0.996744,0.0041597,10,True,True,True
1327.391059,0.996324,0.0041586,10,True,True,True
1327.411893,0.99917,0.0041392,10,True,True,True
1327.432727,0.994027,0.00416625,10,True,True,True
1327.453561,0.9960675,0.0041619,10,True,True,True
1327.474395,0.9986455000000001,0.004170500000000001,10,True,True,True
1327.495229,0.996021,0.00418335,10,True,True,True
1327.516062,0.994943,0.0041945,10,True,True,True
1327.536896,0.9966135,0.00421525,10,True,True,True
1327.55773,0.9973920000000001,0.00422255,10,True,True,True
1327.578564,0.9990995,0.0042138,10,True,True,True
1327.599398,0.996769,0.004223,10,True,True,True
1327.620232,0.99647,0.0042328999999999995,10,True,True,True
1327.641066,1.0000805000000001,0.00423265,10,True,True,True
1327.661899,0.9967524999999999,0.0042467,10,True,True,True
1327.682733,0.9983005,0.00423135,10,True,True,True
1327.703567,0.998615,0.00422995,10,True,True,True
1327.724401,0.997637,0.0042346499999999995,10,True,True,True
1327.745235,0.99699,0.00424155,10,True,True,True
1327.766069,0.997382,0.00422415,10,True,True,True
1327.786902,0.9945975,0.004243149999999999,10,True,True,True
1327.807736,1.0001595,0.00422085,10,True,True,True
1327.82857,0.9937085,0.00423155,10,True,True,True
1327.870238,0.9995035,0.0042336000000000006,10,True,True,True
1327.891072,0.997297,0.004197350000000001,10,True,True,True
1327.911905,0.9990125000000001,0.004203200000000001,10,True,True,True
1327.932739,0.997258,0.0042019499999999994,10,True,True,True
1327.953573,0.9987115,0.00417925,10,True,True,True
1327.974407,0.99876,0.0041725,10,True,True,True
1327.995241,0.9981025,0.0041714000000000005,10,True,True,True
1328.016075,0.998693,0.00415775,10,True,True,True
1328.036908,0.9976075,0.0041533,10,True,True,True
1328.057742,0.999004,0.0041668,10,True,True,True
1328.078576,0.996159,0.0041844,10,True,True,True
1328.09941,0.9993445000000001,0.00417145,10,True,True,True
1328.120244,0.997773,0.00418885,10,True,True,True
1328.141078,0.999052,0.00418595,10,True,True,True
1328.161911,0.999655,0.0041725,10,True,True,True
1328.182745,0.9990954999999999,0.00417395,10,True,True,True
1328.203579,0.9997435,0.00414715,10,True,True,True
1328.224413,0.9974295,0.00418215,10,True,True,True
1328.245247,1.001228,0.00416195,10,True,True,True
1328.266081,0.9990475,0.00417085,10,True,True,True
1328.286914,0.998409,0.0041676000000000005,10,True,True,True
1328.307748,1.0005709999999999,0.0041638000000000005,10,True,True,True
1328.328582,1.000477,0.00415615,10,True,True,True
1328.349416,0.9999585,0.004155,10,True,True,True
1328.37025,1.0011865,0.00414925,10,True,True,True
1328.391084,0.9997725,0.00415285,10,True,True,True
1328.411917,0.9986595,0.00415155,10,True,True,True
1328.432751,1.0005135,0.004161,10,True,True,True
1328.453585,0.9960855,0.00415335,10,True,True,True
1328.474419,0.998329,0.004169849999999999,10,True,True,True
1328.495253,0.9969375,0.00418505,10,True,True,True
1328.516086,1.000779,0.00418925,10,True,True,True
1328.53692,0.99963,0.0041860000000000005,10,True,True,True
1328.557754,0.9976175,0.0042216,10,True,True,True
1328.578588,0.9973295,0.0042068,10,True,True,True
1328.599422,0.9982145,0.0042281,10,True,True,True
1328.620256,0.9963655,0.0042237,10,True,True,True
1328.641089,0.997431,0.00422915,10,True,True,True
1331.766157,0.9976214999999999,0.00407025,10,True,True,True
1331.786991,1.0005540000000002,0.004058549999999999,10,True,True,True
1331.807825,0.9999009999999999,0.00406575,10,True,True,True
1331.828658,0.9970535,0.0040792499999999995,10,True,True,True
1331.849492,0.9979089999999999,0.00407245,10,True,True,True
1331.870326,1.000442,0.004064,10,True,True,True
1331.89116,0.997061,0.0040643,10,True,True,True
1331.911993,0.9988334999999999,0.004057,10,True,True,True
1331.932827,0.9949574999999999,0.00406475,10,True,True,True
1331.953661,0.9979184999999999,0.0040503,10,True,True,True
1331.974495,1.000151,0.0040386,10,True,True,True
1331.995328,0.998692,0.004052399999999999,10,True,True,True
1332.016162,0.998181,0.0040386,10,True,True,True
1332.036996,0.997625,0.0040507,10,True,True,True
1332.05783,0.9973515,0.00402655,10,True,True,True
1332.078663,0.9977765,0.004031,10,True,True,True
1332.099497,0.9978929999999999,0.0040365999999999996,10,True,True,True
1332.120331,0.999626,0.0040278,10,True,True,True
1332.141165,0.9978335,0.0040289,10,True,True,True
1332.161998,1.00118,0.0040311,10,True,True,True
1332.182832,0.9975449999999999,0.0040359,10,True,True,True
1332.203666,0.996218,0.0040332,10,True,True,True
1332.224499,0.9964485000000001,0.0040425,10,True,True,True
1332.245333,0.9983365,0.0040313,10,True,True,True
1332.266167,0.9989535,0.00403565,10,True,True,True
1332.287001,0.9971835,0.004036,10,True,True,True
1332.307834,0.998084,0.004018,10,True,True,True
1332.328668,0.9961595,0.0040159,10,True,True,True
1332.349502,0.996856,0.00400475,10,True,True,True
1332.370336,1.0003785,0.0039948,10,True,True,True
1332.391169,0.9977405,0.0039991,10,True,True,True
1332.412003,0.9913065000000001,0.00403025,10,True,True,True
1332.432837,0.994421,0.0040049,10,True,True,True
1332.453671,0.9969785,0.0039799499999999995,10,True,True,True
1332.474504,0.99803,0.0039888,10,True,True,True
1332.495338,0.9985975,0.0039914,10,True,True,True
1332.516172,0.999088,0.00398715,10,True,True,True
1332.537006,0.9973434999999999,0.00401155,10,True,True,True
1332.557839,0.998616,0.0040012,10,True,True,True
1332.578673,0.9996045,0.0039863,10,True,True,True
1332.599507,0.9975155,0.0040053499999999995,10,True,True,True
1332.62034,0.998753,0.00401735,10,True,True,True
1332.641174,0.996972,0.0040084,10,True,True,True
1332.662008,0.9987215,0.0040219,10,True,True,True
1332.682842,0.999557,0.0040101500000000005,10,True,True,True
1332.703675,0.998437,0.0040047,10,True,True,True
1332.724509,0.9963420000000001,0.00402105,10,True,True,True
1332.745343,0.9970019999999999,0.0039924,10,True,True,True
1332.766177,1.0008205000000001,0.0040072,10,True,True,True
1332.78701,0.9977564999999999,0.00399925,10,True,True,True
1332.807844,0.9915645,0.0040228,10,True,True,True
1332.828678,0.9992095,0.00400215,10,True,True,True
1332.870345,1.0022419999999999,0.003981999999999999,10,True,True,True
1332.891179,0.9998515000000001,0.00398915,10,True,True,True
1332.912013,1.001234,0.0039645,10,True,True,True
1332.932846,1.0015705,0.003970400000000001,10,True,True,True
1332.95368,1.0033945,0.00396205,10,True,True,True
1332.974514,0.9995815000000001,0.0039727,10,True,True,True
1332.995348,0.998648,0.0039697,10,True,True,True
1333.016181,1.0012889999999999,0.00398685,10,True,True,True
1333.037015,1.0006659999999998,0.00397065,10,True,True,True
1333.057849,1.0023335000000002,0.0039593,10,True,True,True
1333.078682,1.0009905,0.0039623,10,True,True,True
1333.099516,0.9979305,0.00398555,10,True,True,True
1333.12035,0.9999555,0.0039816999999999995,10,True,True,True
1333.141184,1.0002595,0.0039697,10,True,True,True
1333.162017,1.001417,0.0039618,10,True,True,True
1333.182851,1.0011275,0.00397265,10,True,True,True
1333.203685,1.0003225,0.00397065,10,True,True,True
1333.224518,1.0023970000000002,0.00395545,10,True,True,True
1333.245352,0.9995745,0.0039677,10,True,True,True
1333.266186,1.0018995,0.0039618,10,True,True,True
1333.28702,0.9995495000000001,0.00396785,10,True,True,True
1333.307853,1.0013165000000002,0.00395715,10,True,True,True
1333.328687,1.000918,0.00395035,10,True,True,True
1333.349521,0.9999885,0.0039511,10,True,True,True
1333.370354,0.9993815,0.00395515,10,True,True,True
1333.391188,1.0012745,0.0039391,10,True,True,True
1333.412022,0.9985375,0.0039296,10,True,True,True
1333.432856,1.0012949999999998,0.0039313,10,True,True,True
1333.453689,1.0011415,0.0039410999999999995,10,True,True,True
1333.474523,1.001849,0.003932349999999999,10,True,True,True
1333.495357,1.003431,0.00391295,10,True,True,True
1333.51619,1.0014035,0.0039285,10,True,True,True
1333.537024,1.000377,0.0039175,10,True,True,True
1333.557858,1.000473,0.0039228,10,True,True,True
1333.578692,0.9996615,0.0039298,10,True,True,True
1333.599525,1.0010205,0.00394375,10,True,True,True
1333.620359,1.000542,0.00393735,10,True,True,True
1333.641193,0.9981055,0.0039411,10,True,True,True
1333.662026,0.9992455,0.00395395,10,True,True,True
1333.68286,1.001172,0.0039477,10,True,True,True
1333.703694,1.000739,0.00393535,10,True,True,True
1333.724528,1.0002075,0.00394315,10,True,True,True
1333.745361,1.001347,0.0039277999999999995,10,True,True,True
1333.766195,0.999548,0.0039293999999999996,10,True,True,True
1333.787029,0.9991490000000001,0.00394045,10,True,True,True
1333.807862,1.000959,0.00392615,10,True,True,True
1333.828696,1.0024635000000002,0.00391475,10,True,True,True
1333.84953,0.9986325,0.0039358,10,True,True,True
1333.870364,0.9998184999999999,0.00395075,10,True,True,True
1333.891197,1.0027355,0.00391455,10,True,True,True
1333.912031,0.9995965,0.00393785,10,True,True,True
1333.932865,0.9982044999999999,0.00392685,10,True,True,True
1333.953698,1.0026929999999998,0.00392025,10,True,True,True
1333.974532,1.0011174999999999,0.0039216500000000005,10,True,True,True
1333.995366,1.002703,0.0039288,10,True,True,True
1334.016199,1.0000045,0.003919000000000001,10,True,True,True
1334.037033,0.9986465,0.00392225,10,True,True,True
1334.057867,1.0022484999999999,0.0039191,10,True,True,True
1334.078701,0.9999454999999999,0.0039155,10,True,True,True
1334.099534,1.0013115,0.00390935,10,True,True,True
1334.120368,1.0005035,0.0039150999999999995,10,True,True,True
1334.141202,0.9994405000000001,0.0039185999999999995,10,True,True,True
1334.162035,1.0012180000000002,0.00390485,10,True,True,True
1334.182869,0.9990545,0.0039139,10,True,True,True
1334.203703,1.0009735,0.0039206,10,True,True,True
1334.224536,0.9996105,0.0039197,10,True,True,True
1334.24537,0.999765,0.00391535,10,True,True,True
1334.266204,1.0027605,0.00389775,10,True,True,True
1334.287038,1.0011955000000001,0.0039011,10,True,True,True
1334.307871,0.999819,0.0039002,10,True,True,True
1334.328705,0.999256,0.00391045,10,True,True,True
1334.349539,0.9997275,0.0039069,10,True,True,True
1334.370372,1.001922,0.0038981,10,True,True,True
1334.391206,1.0013105,0.00390265,10,True,True,True
1334.41204,0.9989185,0.003913649999999999,10,True,True,True
1334.432873,1.000043,0.0038948999999999998,10,True,True,True
1334.453707,0.999366,0.0038912,10,True,True,True
1334.474541,1.000422,0.0038876,10,True,True,True
1334.495374,0.999447,0.0038871,10,True,True,True
1334.516208,0.9998745,0.0038912,10,True,True,True
1334.537042,0.9996780000000001,0.00388775,10,True,True,True
1334.557876,0.999544,0.0038997,10,True,True,True
1334.578709,1.0008465,0.0038873,10,True,True,True
1334.599543,1.0009635000000001,0.00387535,10,True,True,True
1334.620377,1.0006404999999998,0.0038935999999999997,10,True,True,True
1334.64121,1.0011835,0.00388965,10,True,True,True
1334.662044,1.0004855,0.0039031,10,True,True,True
1334.682878,1.0008255,0.003879,10,True,True,True
1334.703711,1.0004785,0.0038886,10,True,True,True
1334.724545,0.9975395,0.0039008000000000003,10,True,True,True
1334.745379,0.9980235,0.0038955500000000002,10,True,True,True
1334.766212,1.0007570000000001,0.00388895,10,True,True,True
1334.787046,0.9982095,0.0038841500000000003,10,True,True,True
1334.80788,1.00095,0.00388635,10,True,True,True
1334.828713,1.0008585,0.00387085,10,True,True,True
1334.849547,1.0010379999999999,0.00388275,10,True,True,True
1334.870381,0.9989405,0.0038943499999999995,10,True,True,True
1334.891215,0.999541,0.00388265,10,True,True,True
1334.912048,1.0010375,0.00388185,10,True,True,True
1334.932882,0.997188,0.00389555,10,True,True,True
1334.953716,0.9977725,0.0038797000000000002,10,True,True,True
1334.974549,0.9961825,0.0038778499999999995,10,True,True,True
1334.995383,0.9684235,0.00395125,10,True,True,True
1335.016217,0.988111,0.00391245,10,True,True,True
1335.03705,0.9987005,0.0038720000000000004,10,True,True,True
1335.057884,0.996707,0.0038795500000000003,10,True,True,True
1335.078718,0.997412,0.0038741,10,True,True,True
1335.099551,0.9935615,0.0038739000000000004,10,True,True,True
1335.120385,0.9973055,0.00386755,10,True,True,True
1335.141219,0.9974145,0.00387515,10,True,True,True
1335.162052,0.9940935,0.0038786,10,True,True,True
1335.182886,0.9952735,0.0038776,10,True,True,True
1335.20372,0.9952935,0.003866,10,True,True,True
1335.224553,0.9961774999999999,0.00388755,10,True,True,True
1335.245387,0.997691,0.0038606000000000005,10,True,True,True
1335.266221,0.997004,0.0038762,10,True,True,True
1335.287054,0.9952669999999999,0.0038852,10,True,True,True
1335.307888,0.9958555,0.0038719,10,True,True,True
1335.328722,0.993741,0.00387135,10,True,True,True
1335.370389,1.0028934999999999,0.0038536,10,True,True,True
1335.391223,1.003727,0.0038515499999999996,10,True,True,True
1335.412057,0.997076,0.0038492500000000002,10,True,True,True
1335.43289,1.0015295,0.0038690499999999997,10,True,True,True
1335.453724,1.003079,0.0038547,10,True,True,True
1335.474558,1.00255,0.003849,10,True,True,True
1335.495391,1.0025555,0.00386475,10,True,True,True
1335.516225,1.00468,0.00385285,10,True,True,True
1335.537059,1.0033005,0.0038442500000000004,10,True,True,True
1335.557892,1.0029245,0.0038637,10,True,True,True
1335.578726,1.005716,0.00385065,10,True,True,True
1335.59956,1.001657,0.0038961,10,True,True,True
1335.620393,1.002994,0.00385545,10,True,True,True
1335.641227,1.0039975,0.0038519,10,True,True,True
1335.662061,1.0049670000000002,0.00385875,10,True,True,True
1335.682894,1.0040235,0.00385835,10,True,True,True
1335.703728,1.0038935,0.00386235,10,True,True,True
1335.724562,1.0042749999999998,0.0038572499999999996,10,True,True,True
1335.745395,1.005797,0.0038383000000000002,10,True,True,True
1335.766229,1.002668,0.0038569,10,True,True,True
1335.787063,1.001063,0.0038429000000000002,10,True,True,True
1335.807896,1.0050245,0.0038525,10,True,True,True
1335.82873,1.0041704999999999,0.0038621000000000003,10,True,True,True
1335.849564,1.0038185,0.0038477999999999997,10,True,True,True
1335.870397,1.0033820000000002,0.0038417,10,True,True,True
1335.891231,1.0030585,0.0038537,10,True,True,True
1335.912065,1.0049044999999999,0.0038647000000000004,10,True,True,True
1335.932898,1.0035715,0.0038739000000000004,10,True,True,True
1335.953732,1.002905,0.0038576,10,True,True,True
1335.974566,1.003283,0.0038537,10,True,True,True
1335.995399,1.0041335,0.0038558,10,True,True,True
1336.016233,1.004095,0.00384015,10,True,True,True
1336.037067,1.0018825,0.00386505,10,True,True,True
1336.0579,1.0013174999999999,0.00386305,10,True,True,True
1336.078734,1.003594,0.00385935,10,True,True,True
1336.099568,1.0053174999999999,0.0038572,10,True,True,True
1336.120401,1.0037064999999998,0.00385185,10,True,True,True
1336.141235,1.005876,0.00386225,10,True,True,True
1336.162069,1.0025244999999998,0.0038533499999999997,10,True,True,True
1336.182902,1.002059,0.00385,10,True,True,True
1336.203736,1.0008205000000001,0.0038664499999999996,10,True,True,True
1336.22457,1.0019269999999998,0.00386385,10,True,True,True
1336.245403,1.0052615,0.00385715,10,True,True,True
1336.266237,1.0047765,0.00386545,10,True,True,True
1336.28707,1.0039799999999999,0.0038682,10,True,True,True
1336.307904,1.0041945,0.00385945,10,True,True,True
1336.328738,1.0005095,0.0038723,10,True,True,True
1336.349571,1.0022090000000001,0.0038637,10,True,True,True
1336.370405,1.0023775,0.0038661,10,True,True,True
1336.391239,1.0010745,0.0038694000000000003,10,True,True,True
1336.412072,1.003238,0.0038555,10,True,True,True
1336.432906,1.003533,0.00386065,10,True,True,True
1336.45374,1.0010819999999998,0.0038829,10,True,True,True
1336.474573,1.004008,0.0038544,10,True,True,True
1336.495407,1.0003155000000001,0.00386595,10,True,True,True
1336.516241,1.003828,0.00386625,10,True,True,True
1336.537074,1.003735,0.00385595,10,True,True,True
1336.557908,1.0040580000000001,0.00386125,10,True,True,True
1336.578742,1.0046080000000002,0.00386105,10,True,True,True
1336.599575,1.002979,0.0038626499999999996,10,True,True,True
1336.620409,1.00377,0.0038621000000000003,10,True,True,True
1336.641243,1.00144,0.00385895,10,True,True,True
1336.662076,1.002951,0.00387015,10,True,True,True
1336.68291,1.001776,0.00385485,10,True,True,True
1336.703744,0.994298,0.0038709499999999997,10,True,True,True
1336.724577,0.9947945,0.0038938,10,True,True,True
1336.745411,1.00434,0.0038625000000000005,10,True,True,True
1336.766245,1.003006,0.00386275,10,True,True,True
1336.787078,1.0051350000000001,0.00386995,10,True,True,True
1336.807912,1.0023955,0.00387515,10,True,True,True
1336.828746,1.0029285,0.0038683500000000004,10,True,True,True
1336.849579,1.0028095000000001,0.00386775,10,True,True,True
1336.870413,1.004838,0.0038655,10,True,True,True
1336.891246,1.0005395,0.0038741,10,True,True,True
1336.91208,1.004062,0.0038540500000000004,10,True,True,True
1336.932914,1.0015835000000002,0.0038778,10,True,True,True
1336.953747,1.003176,0.0038697000000000002,10,True,True,True
1336.974581,1.0020965,0.0038714,10,True,True,True
1336.995415,0.9988889999999999,0.0038894000000000003,10,True,True,True
1337.016248,1.0024525,0.00385775,10,True,True,True
1337.037082,1.0023535,0.0038642,10,True,True,True
1337.057916,1.0008135,0.0038794,10,True,True,True
1337.078749,1.002655,0.0038737999999999997,10,True,True,True
1337.099583,1.002628,0.0038722,10,True,True,True
1337.120417,1.0017019999999999,0.0038665,10,True,True,True
1337.14125,1.001588,0.0038857500000000003,10,True,True,True
1337.162084,1.001175,0.0038767,10,True,True,True
1337.182918,1.0001475,0.0038789999999999996,10,True,True,True
1337.203751,1.001244,0.0038702499999999996,10,True,True,True
1337.224585,1.004293,0.0038715,10,True,True,True
1337.245418,0.9994829999999999,0.00389185,10,True,True,True
1337.266252,1.0022055,0.0038773,10,True,True,True
1337.287086,0.9992750000000001,0.0038773999999999996,10,True,True,True
1337.307919,1.00169,0.00386815,10,True,True,True
1337.328753,1.0019049999999998,0.0038660499999999998,10,True,True,True
1337.349587,0.9966035,0.00387735,10,True,True,True
1337.37042,0.998497,0.00389105,10,True,True,True
1337.391254,1.0003185,0.0038718,10,True,True,True
1337.412088,1.000127,0.0038799999999999998,10,True,True,True
1337.432921,1.0017845,0.00387895,10,True,True,True
1337.453755,0.9996635,0.0038953499999999997,10,True,True,True
1337.474589,0.991087,0.00390775,10,True,True,True
1337.495422,0.996003,0.0039010499999999997,10,True,True,True
1337.516256,0.9993695,0.00388275,10,True,True,True
1337.537089,0.999647,0.00388655,10,True,True,True
1337.557923,0.999463,0.00388925,10,True,True,True
1337.578757,0.999053,0.0038786,10,True,True,True
1337.59959,0.9975535,0.00390055,10,True,True,True
1337.620424,1.0011415000000001,0.00388345,10,True,True,True
1337.641258,0.998675,0.0038928,10,True,True,True
1337.662091,1.0004215,0.00388895,10,True,True,True
1337.682925,0.9981880000000001,0.0039004,10,True,True,True
1337.703759,0.99745,0.00388025,10,True,True,True
1337.724592,0.997997,0.0038831,10,True,True,True
1337.745426,0.996362,0.003916,10,True,True,True
1337.766259,0.9958205,0.00389945,10,True,True,True
1337.787093,0.9986155000000001,0.00388665,10,True,True,True
1337.807927,0.9957104999999999,0.0039114,10,True,True,True
1337.82876,1.0003915,0.0038818999999999998,10,True,True,True
1337.870428,1.0037945000000001,0.0038926000000000004,10,True,True,True
1337.891261,1.0047555,0.0038874499999999998,10,True,True,True
1337.912095,1.0061559999999998,0.0038843000000000003,10,True,True,True
1337.932929,1.0016655,0.0038950499999999997,10,True,True,True
1337.953762,1.005975,0.0038820499999999997,10,True,True,True
1337.974596,1.0044,0.0038855,10,True,True,True
1337.995429,1.0031444999999999,0.0038892500000000003,10,True,True,True
1338.016263,1.003307,0.0038948,10,True,True,True
1338.037097,1.0053075,0.0038829,10,True,True,True
1338.05793,1.0035805,0.00390005,10,True,True,True
1338.078764,1.0057255,0.00389585,10,True,True,True
1338.099598,1.0018915000000002,0.0038972,10,True,True,True
1338.120431,1.0045695000000001,0.0038922,10,True,True,True
1338.141265,1.004907,0.0038957,10,True,True,True
1338.162099,1.0043745,0.00389005,10,True,True,True
1338.182932,1.0034955,0.0038880499999999997,10,True,True,True
1338.203766,1.004406,0.0038905499999999996,10,True,True,True
1338.224599,1.0059205,0.00391485,10,True,True,True
1338.245433,1.0003195,0.0039104000000000005,10,True,True,True
1338.266267,1.0031585,0.0039127499999999996,10,True,True,True
1338.2871,1.0012015,0.00390255,10,True,True,True
1338.307934,1.0013740000000002,0.0039124,10,True,True,True
1338.328768,1.0042499999999999,0.0039131,10,True,True,True
1338.349601,1.004019,0.00390945,10,True,True,True
1338.370435,0.9998415,0.00391605,10,True,True,True
1338.391268,1.0044365,0.00390715,10,True,True,True
1338.412102,1.000941,0.0039043000000000003,10,True,True,True
1338.432936,1.0030815,0.003915200000000001,10,True,True,True
1338.453769,1.00387,0.00392055,10,True,True,True
1338.474603,1.0005375,0.003910800000000001,10,True,True,True
1338.495437,1.0038304999999998,0.0039113,10,True,True,True
1338.51627,1.001926,0.0039356,10,True,True,True
1339.68295,1.0157965,0.0039845,10,True,True,True
1339.703783,1.0150925000000002,0.0039945499999999995,10,True,True,True
1339.724617,1.018243,0.0039819,10,True,True,True
1339.74545,1.0153405,0.00397445,10,True,True,True
1339.766284,1.0156535,0.0039717,10,True,True,True
1339.787117,1.015288,0.003987650000000001,10,True,True,True
1339.807951,1.0139304999999998,0.003986099999999999,10,True,True,True
1339.828784,1.015169,0.00399505,10,True,True,True
1339.849618,1.016584,0.00397275,10,True,True,True
1339.870451,1.0152245,0.00398575,10,True,True,True
1339.891285,1.014865,0.0040035,10,True,True,True
1339.912118,1.015247,0.00399625,10,True,True,True
1339.932952,1.0131565,0.00400895,10,True,True,True
1339.953785,1.0145635,0.00401515,10,True,True,True
1339.974619,1.0143935,0.00403095,10,True,True,True
1339.995452,1.014238,0.0040321,10,True,True,True
1340.016285,1.0146505000000001,0.00404175,10,True,True,True
1340.037119,1.012878,0.0040482999999999995,10,True,True,True
1340.057952,1.016276,0.00405545,10,True,True,True
1340.078786,1.0170045,0.0040742,10,True,True,True
1340.099619,1.0145819999999999,0.0040697500000000005,10,True,True,True
1340.120453,1.0134725,0.004066500000000001,10,True,True,True
1340.141286,1.013833,0.0040874,10,True,True,True
1340.16212,1.0150405,0.00408695,10,True,True,True
1340.182953,1.0132279999999998,0.0040989,10,True,True,True
1340.203787,1.015147,0.004104699999999999,10,True,True,True
1340.22462,1.0143325,0.004111500000000001,10,True,True,True
1340.245454,1.0100305,0.0041356,10,True,True,True
1340.266287,1.0107819999999998,0.0041298,10,True,True,True
1340.28712,1.0097355000000001,0.00414995,10,True,True,True
1340.307954,1.0123345,0.00414695,10,True,True,True
1340.328787,1.014071,0.0041398,10,True,True,True
1340.349621,1.0134355,0.0041126,10,True,True,True
1340.370454,1.0122775,0.0041433,10,True,True,True
1340.391288,1.011724,0.0041426,10,True,True,True
1340.412121,1.0072640000000002,0.00414275,10,True,True,True
1340.432955,1.010622,0.00415,10,True,True,True
1340.453788,1.0112125,0.0041428,10,True,True,True
1340.474621,1.0096085000000001,0.0041607,10,True,True,True
1340.495455,1.0068845,0.0041548999999999996,10,True,True,True
1340.516288,1.007076,0.0041964,10,True,True,True
1340.537122,1.0089275,0.00416825,10,True,True,True
1340.557955,1.0134495000000001,0.00419775,10,True,True,True
1340.578789,1.0104095,0.00418815,10,True,True,True
1340.599622,1.008022,0.0041881,10,True,True,True
1340.620455,1.007383,0.00416945,10,True,True,True
1340.641289,1.0064375,0.0041935,10,True,True,True
1340.662122,1.007269,0.0041808,10,True,True,True
1340.682956,1.0081415,0.00415975,10,True,True,True
1340.703789,1.004629,0.00418985,10,True,True,True
1340.724623,1.005195,0.0041769500000000005,10,True,True,True
1340.745456,1.0063015,0.0041826,10,True,True,True
1340.76629,1.006999,0.00419315,10,True,True,True
1340.787123,1.0059795,0.00421265,10,True,True,True
1340.807956,1.005159,0.0041941,10,True,True,True
1340.82879,1.0046445,0.0042144,10,True,True,True
1340.849623,1.0055435,0.0042423,10,True,True,True
1340.870457,1.0058850000000001,0.0042047000000000005,10,True,True,True
1340.89129,1.005395,0.0042097,10,True,True,True
1340.912124,1.0047335,0.00421465,10,True,True,True
1340.932957,1.0084279999999999,0.0042108,10,True,True,True
1340.95379,1.006726,0.0042141,10,True,True,True
1340.974624,1.002298,0.00422545,10,True,True,True
1340.995457,1.003765,0.00420475,10,True,True,True
1341.016291,1.00692,0.00420765,10,True,True,True
1341.037124,1.0047975,0.00421105,10,True,True,True
1341.057957,1.0067560000000002,0.00421895,10,True,True,True
1341.078791,1.0079704999999999,0.004231749999999999,10,True,True,True
1341.099624,1.0046884999999999,0.0042247,10,True,True,True
1341.120458,1.001042,0.0042359500000000005,10,True,True,True
1341.141291,1.002825,0.00424745,10,True,True,True
1341.162125,1.0056595000000002,0.00423485,10,True,True,True
1341.182958,1.002532,0.00424715,10,True,True,True
1341.203791,1.001055,0.00423575,10,True,True,True
1341.224625,1.0039745,0.00424075,10,True,True,True
1341.245458,0.9991005,0.00423955,10,True,True,True
1341.266292,0.9970304999999999,0.0042470500000000005,10,True,True,True
1341.287125,0.9987935,0.00425165,10,True,True,True
1341.307958,0.9981635,0.0042472,10,True,True,True
1341.328792,0.9987999999999999,0.004248699999999999,10,True,True,True
1341.349625,0.9978345,0.0042413,10,True,True,True
1341.370459,1.0003410000000001,0.0042391500000000006,10,True,True,True
1341.391292,0.9991985,0.0042495499999999995,10,True,True,True
1341.412126,0.9971255000000001,0.00427545,10,True,True,True
1341.432959,0.9994559999999999,0.0042654,10,True,True,True
1341.453792,1.003905,0.0042753,10,True,True,True
1341.474626,1.0004914999999999,0.0042863499999999995,10,True,True,True
1341.495459,1.0026365,0.004316550000000001,10,True,True,True
1341.516293,1.000828,0.00430085,10,True,True,True
1341.537126,0.9994665,0.00430985,10,True,True,True
1341.557959,1.0032355000000002,0.00430345,10,True,True,True
1341.578793,1.002684,0.0043313,10,True,True,True
1341.599626,0.999886,0.0043275,10,True,True,True
1341.62046,1.003238,0.00433905,10,True,True,True
1341.641293,1.0004165,0.00432385,10,True,True,True
1341.662126,1.000975,0.0043096,10,True,True,True
1341.68296,0.99899,0.00429965,10,True,True,True
1341.703793,0.985147,0.0043108,10,True,True,True
1341.724627,0.999444,0.0043352,10,True,True,True
1341.74546,1.0008059999999999,0.0042959,10,True,True,True
1341.766293,1.0035935,0.00429585,10,True,True,True
1341.787127,1.0003485,0.004305,10,True,True,True
1341.80796,0.9997775,0.0043057500000000005,10,True,True,True
1341.828794,1.0032465,0.004312750000000001,10,True,True,True
1341.849627,1.000584,0.0043237,10,True,True,True
1341.87046,1.0019915,0.0043045,10,True,True,True
1341.891294,1.0011825,0.004298349999999999,10,True,True,True
1341.912127,1.000788,0.0042986,10,True,True,True
1341.932961,1.000308,0.0042778,10,True,True,True
1341.953794,1.0004605,0.0042848999999999995,10,True,True,True
1341.974627,1.00187,0.0042606,10,True,True,True
1341.995461,1.0007190000000001,0.0042579,10,True,True,True
1342.016294,1.001591,0.0042401,10,True,True,True
1342.037128,1.002523,0.00426695,10,True,True,True
1342.057961,1.0021705,0.00424795,10,True,True,True
1342.078794,0.992637,0.00428195,10,True,True,True
1342.099628,0.997417,0.0042765,10,True,True,True
1342.120461,0.998394,0.0042957,10,True,True,True
1342.141295,1.000211,0.0042942499999999995,10,True,True,True
1342.162128,0.997962,0.0043164499999999995,10,True,True,True
1342.224628,1.0097464999999999,0.00427385,10,True,True,True
1342.245462,1.0113925,0.0042749,10,True,True,True
1342.266295,1.010197,0.004274099999999999,10,True,True,True
1342.287128,1.00732,0.0042695,10,True,True,True
1342.307962,1.0067385,0.004255500000000001,10,True,True,True
1342.328795,1.0132955,0.0042763,10,True,True,True
1342.349628,1.0122155,0.004263899999999999,10,True,True,True
1342.370462,1.0075945000000002,0.0042538,10,True,True,True
1342.391295,1.010632,0.00425245,10,True,True,True
1342.412129,1.011765,0.00424075,10,True,True,True
1342.432962,1.0118580000000001,0.00428185,10,True,True,True
1342.453795,1.010411,0.00428955,10,True,True,True
1342.474629,1.0121794999999998,0.004291049999999999,10,True,True,True
1342.495462,1.0118785,0.004321,10,True,True,True
1342.516296,1.0115555,0.0043199499999999995,10,True,True,True
1342.537129,1.010878,0.0043355,10,True,True,True
1342.557962,1.0140609999999999,0.00432095,10,True,True,True
1342.578796,1.0137025,0.00434375,10,True,True,True
1342.599629,1.0120255,0.00434995,10,True,True,True
1342.620462,1.0096975000000001,0.004352750000000001,10,True,True,True
1342.641296,1.0134735,0.00434325,10,True,True,True
1342.662129,1.0108169999999999,0.00435135,10,True,True,True
1342.682963,1.009393,0.0043382,10,True,True,True
1342.703796,1.0094425,0.00433335,10,True,True,True
1342.724629,1.010487,0.0043233,10,True,True,True
1342.745463,1.0132685000000001,0.00432175,10,True,True,True
1342.766296,1.0125899999999999,0.0043389,10,True,True,True
1342.787129,1.011181,0.0043271,10,True,True,True
1342.807963,1.01114,0.00433565,10,True,True,True
1342.828796,1.0108234999999999,0.00433375,10,True,True,True
1342.84963,1.009414,0.00433705,10,True,True,True
1342.870463,1.0116955,0.0043156,10,True,True,True
1342.891296,1.012392,0.00431805,10,True,True,True
1342.91213,1.01213,0.0043044,10,True,True,True
1342.932963,1.0089165,0.00429975,10,True,True,True
1342.953796,1.013104,0.0043088,10,True,True,True
1342.97463,1.009188,0.0042966,10,True,True,True
1342.995463,1.0113175,0.00428155,10,True,True,True
1343.016297,1.0124055,0.0042639,10,True,True,True
1343.03713,1.012216,0.0042609,10,True,True,True
1343.057963,1.0070700000000001,0.00427695,10,True,True,True
1343.078797,1.0072044999999998,0.00426945,10,True,True,True
1343.09963,1.010907,0.0042882,10,True,True,True
1343.120463,1.0096829999999999,0.00428055,10,True,True,True
1343.141297,1.0103870000000001,0.0042783000000000005,10,True,True,True
1343.16213,1.009563,0.0043009,10,True,True,True
1343.182964,1.0081875,0.004292,10,True,True,True
1343.203797,1.0095265,0.00430165,10,True,True,True
1343.22463,1.0122244999999999,0.00429205,10,True,True,True
1343.245464,1.0115935,0.0042921,10,True,True,True
1343.266297,1.0120114999999998,0.00426485,10,True,True,True
1343.28713,1.0064994999999999,0.00426785,10,True,True,True
1343.307964,1.00991,0.00426045,10,True,True,True
1343.328797,1.0107235,0.00424435,10,True,True,True
1343.34963,1.0092780000000001,0.004252799999999999,10,True,True,True
1343.370464,1.0097605,0.0042442,10,True,True,True
1343.391297,1.0059334999999998,0.00427275,10,True,True,True
1343.412131,1.0103415,0.004249650000000001,10,True,True,True
1343.432964,1.008512,0.00428025,10,True,True,True
1343.453797,1.0068774999999999,0.0042668,10,True,True,True
1343.474631,1.0077555,0.004278499999999999,10,True,True,True
1343.495464,1.0071035,0.00426735,10,True,True,True
1343.516297,1.0056515,0.004302449999999999,10,True,True,True
1343.537131,1.0069154999999999,0.00428755,10,True,True,True
1343.557964,0.995342,0.00431845,10,True,True,True
1343.578797,1.0036545000000001,0.0043199499999999995,10,True,True,True
1343.599631,1.004372,0.0043189,10,True,True,True
1343.620464,1.0066385,0.004322100000000001,10,True,True,True
1343.641298,1.0082535,0.0043117,10,True,True,True
1343.662131,1.010089,0.0043047,10,True,True,True
1343.682964,1.006895,0.004311799999999999,10,True,True,True
1343.703798,1.0106465,0.00430295,10,True,True,True
1343.724631,1.0024855000000001,0.00431895,10,True,True,True
1343.745464,1.008697,0.0043,10,True,True,True
1343.766298,1.007273,0.0043058,10,True,True,True
1343.787131,1.0089489999999999,0.0043016,10,True,True,True
1343.807964,1.0093925000000001,0.00430555,10,True,True,True
1343.828798,1.0088065,0.0042982,10,True,True,True
1343.849631,1.0086750000000002,0.00431755,10,True,True,True
1343.870464,1.0078325000000001,0.00430455,10,True,True,True
1343.891298,1.0065635,0.0043171500000000005,10,True,True,True
1343.912131,1.0079850000000001,0.00431165,10,True,True,True
1343.932964,1.0078005,0.0042934,10,True,True,True
1343.953798,1.0087115,0.00428605,10,True,True,True
1343.974631,1.007126,0.00428585,10,True,True,True
1343.995465,1.009915,0.00427845,10,True,True,True
1344.016298,1.0119515,0.00426625,10,True,True,True
1344.037131,1.0106535,0.0042647,10,True,True,True
1344.057965,1.0093315,0.0042618,10,True,True,True
1344.078798,1.0069365000000001,0.00426905,10,True,True,True
1344.099631,1.007898,0.004264850000000001,10,True,True,True
1344.120465,1.0085899999999999,0.00428075,10,True,True,True
1344.141298,1.0080710000000002,0.00427055,10,True,True,True
1344.162131,1.006919,0.0042911,10,True,True,True
1344.182965,1.0079280000000002,0.0042793,10,True,True,True
1344.203798,1.0046605,0.0042899,10,True,True,True
1344.224631,1.006628,0.00428335,10,True,True,True
1344.245465,1.0037485,0.00427115,10,True,True,True
1344.266298,0.9906554999999999,0.004281699999999999,10,True,True,True
1344.287131,1.0019455000000002,0.0042591,10,True,True,True
1344.307965,1.0024099999999998,0.0042308,10,True,True,True
1344.328798,1.006364,0.00422555,10,True,True,True
1344.349631,1.0074905,0.0042106,10,True,True,True
1344.370465,1.0031875000000001,0.004240799999999999,10,True,True,True
1344.391298,1.0026535,0.004228549999999999,10,True,True,True
1344.412131,1.0074905,0.00422905,10,True,True,True
1344.432965,1.004316,0.0042311499999999995,10,True,True,True
1344.453798,1.0043095,0.0042587,10,True,True,True
1344.474631,1.006931,0.0042252,10,True,True,True
1344.495465,1.007796,0.004256950000000001,10,True,True,True
1344.516298,1.004474,0.00427585,10,True,True,True
1344.537131,1.000075,0.00426405,10,True,True,True
1344.557965,1.006707,0.0042722,10,True,True,True
1344.578798,1.0062575,0.00429535,10,True,True,True
1344.599631,1.0052565,0.00430135,10,True,True,True
1344.620465,1.00759,0.00429215,10,True,True,True
1344.641298,1.008146,0.00428595,10,True,True,True
1344.662131,1.0069110000000001,0.0042783,10,True,True,True
1344.724631,1.0163384999999998,0.00427075,10,True,True,True
1344.745465,1.012129,0.00426015,10,True,True,True
1344.766298,1.014184,0.0042681,10,True,True,True
1344.787131,1.0145495,0.004275,10,True,True,True
1344.807965,1.0176325,0.0042648,10,True,True,True
1344.828798,1.0123894999999998,0.00426675,10,True,True,True
1344.849631,1.014789,0.0042596,10,True,True,True
1344.870465,1.0121585,0.004277899999999999,10,True,True,True
1344.891298,1.01364,0.0042708,10,True,True,True
1344.912131,1.014508,0.0042574,10,True,True,True
1344.932965,1.013368,0.00426345,10,True,True,True
1344.953798,1.0135255,0.0042382,10,True,True,True
1344.974631,1.0128345,0.004247900000000001,10,True,True,True
1344.995465,1.0143499999999999,0.0042328999999999995,10,True,True,True
1345.016298,1.013546,0.00425115,10,True,True,True
1345.037131,1.0157129999999999,0.0042169,10,True,True,True
1345.057965,1.0151525000000001,0.00422875,10,True,True,True
1345.078798,1.0140975,0.0042194,10,True,True,True
1345.099631,1.013034,0.00422645,10,True,True,True
1345.120465,1.0127229999999998,0.00423785,10,True,True,True
1345.141298,1.0180335,0.004244,10,True,True,True
1345.162131,1.01513,0.0042244,10,True,True,True
1345.182965,1.017671,0.004254549999999999,10,True,True,True
1345.203798,1.0168439999999999,0.0042567,10,True,True,True
1345.224631,1.0166675,0.00421965,10,True,True,True
1345.245464,1.0115699999999999,0.0042288,10,True,True,True
1345.266298,1.0160330000000002,0.00421185,10,True,True,True
1345.287131,1.015431,0.004209,10,True,True,True
1345.307964,1.0123875,0.0042137500000000005,10,True,True,True
1345.328798,1.0135245,0.00419725,10,True,True,True
1345.349631,1.0119765,0.004197650000000001,10,True,True,True
1345.370464,1.0144455,0.00419705,10,True,True,True
1345.391298,1.0136219999999998,0.0041878,10,True,True,True
1345.412131,1.0115785000000002,0.00420365,10,True,True,True
1345.432964,1.0148215,0.0041825000000000005,10,True,True,True
1345.453798,1.0104090000000001,0.0042197,10,True,True,True
1345.474631,1.014287,0.0042023500000000005,10,True,True,True
1345.495464,1.0100715,0.004229500000000001,10,True,True,True
1345.516298,1.015189,0.00421525,10,True,True,True
1345.537131,1.012012,0.00421955,10,True,True,True
1345.557964,1.0140145,0.0042435500000000004,10,True,True,True
1345.578798,1.0173299999999998,0.0042144,10,True,True,True
1345.599631,1.013014,0.00426355,10,True,True,True
1345.620464,1.011531,0.00425175,10,True,True,True
1345.641297,1.011608,0.0042591,10,True,True,True
1345.662131,1.014645,0.0042481,10,True,True,True
1345.682964,1.008814,0.0042676,10,True,True,True
1345.703797,1.0100699999999998,0.00425805,10,True,True,True
1345.724631,1.0115189999999998,0.00426265,10,True,True,True
1345.745464,1.0112524999999999,0.0042407,10,True,True,True
1345.766297,1.0141689999999999,0.0042328,10,True,True,True
1345.787131,1.0154519999999998,0.004231749999999999,10,True,True,True
1345.807964,1.0126659999999998,0.00422605,10,True,True,True
1345.828797,1.010276,0.00425905,10,True,True,True
1345.849631,1.0111185,0.004224149999999999,10,True,True,True
1345.870464,1.010408,0.0042495,10,True,True,True
1345.891297,1.0097905,0.00425765,10,True,True,True
1345.91213,1.0117595000000001,0.004237899999999999,10,True,True,True
1345.932964,1.0102195,0.00424245,10,True,True,True
1345.953797,1.0107065,0.0042258,10,True,True,True
1345.97463,1.0124095,0.0042098,10,True,True,True
1345.995464,1.0104685,0.0042277,10,True,True,True
1346.016297,1.0099725,0.00423015,10,True,True,True
1346.03713,1.0115075,0.00422575,10,True,True,True
1346.057964,1.0105464999999998,0.00420535,10,True,True,True
1346.078797,1.010272,0.0042327,10,True,True,True
1346.09963,1.0106095000000002,0.00422565,10,True,True,True
1346.120463,1.011291,0.0042298,10,True,True,True
1346.141297,1.0089115,0.0042247,10,True,True,True
1346.16213,1.0065355,0.00425295,10,True,True,True
1346.182963,1.0098319999999998,0.00424795,10,True,True,True
1346.203797,1.011205,0.004225,10,True,True,True
1346.22463,1.0125945,0.0042174,10,True,True,True
1346.245463,1.0115455,0.00422625,10,True,True,True
1346.266297,1.011031,0.00423345,10,True,True,True
1346.28713,1.0132295,0.0042051499999999995,10,True,True,True
1346.307963,1.0108030000000001,0.0041913,10,True,True,True
1346.328796,1.0092094999999999,0.0041992,10,True,True,True
1346.34963,1.00942,0.0041930000000000005,10,True,True,True
1346.370463,1.0111945,0.00420395,10,True,True,True
1346.391296,1.0090015,0.0041864499999999995,10,True,True,True
1346.41213,1.011358,0.004172749999999999,10,True,True,True
1346.432963,1.0096705,0.0041796,10,True,True,True
1346.453796,1.010229,0.00419665,10,True,True,True
1346.474629,1.010823,0.00418445,10,True,True,True
1346.495463,1.0111225,0.004191200000000001,10,True,True,True
1346.516296,1.0122710000000001,0.0041844,10,True,True,True
1346.537129,1.010954,0.0041955,10,True,True,True
1346.557963,1.01141,0.00419855,10,True,True,True
1346.578796,1.0102055,0.00423095,10,True,True,True
1346.599629,1.010345,0.004218,10,True,True,True
1346.620462,1.0111915,0.0042164,10,True,True,True
1346.641296,1.0098975000000001,0.00421945,10,True,True,True
1346.662129,1.0066255,0.0042508,10,True,True,True
1346.682962,1.003955,0.00423785,10,True,True,True
1346.703796,1.012912,0.00420015,10,True,True,True
1346.724629,1.0057654999999999,0.00421915,10,True,True,True
1346.745462,1.011129,0.0042091,10,True,True,True
1346.766295,1.010573,0.004220150000000001,10,True,True,True
1346.787129,1.0105905,0.004225400000000001,10,True,True,True
1346.807962,1.009439,0.0042141,10,True,True,True
1346.828795,1.0103485,0.0042088,10,True,True,True
1346.849629,1.0072485,0.004217449999999999,10,True,True,True
1346.870462,1.0092735,0.004206049999999999,10,True,True,True
1346.891295,1.011002,0.00421335,10,True,True,True
1346.912128,1.0112415000000001,0.0042036999999999995,10,True,True,True
1346.932962,1.0100215,0.0041873,10,True,True,True
1346.953795,1.0125985,0.0042042,10,True,True,True
1346.974628,1.0129455,0.00417025,10,True,True,True
1346.995462,1.0101170000000002,0.0041975,10,True,True,True
1347.016295,1.010717,0.0041927,10,True,True,True
1347.037128,1.010149,0.00420395,10,True,True,True
1347.057961,1.004963,0.004211899999999999,10,True,True,True
1347.078795,1.0096615,0.00420215,10,True,True,True
1347.099628,1.0082170000000001,0.0041925,10,True,True,True
1347.120461,1.0132395,0.004160550000000001,10,True,True,True
1347.141294,1.010148,0.00420115,10,True,True,True
1347.162128,1.009482,0.00420535,10,True,True,True
1347.224628,1.018454,0.0041645,10,True,True,True
1347.245461,1.0156865,0.0041759499999999995,10,True,True,True
1347.266294,1.0152584999999998,0.00417495,10,True,True,True
1347.287127,1.0147895,0.00416435,10,True,True,True
1347.307961,1.0164445,0.004147349999999999,10,True,True,True
1347.328794,1.020069,0.0041338,10,True,True,True
1347.349627,1.0197465000000001,0.004135949999999999,10,True,True,True
1347.37046,0.943389,0.0044121,10,True,True,True
1347.391294,0.9616885,0.004236500000000001,10,True,True,True
1347.412127,1.0083625,0.004136849999999999,10,True,True,True
1347.43296,1.0049895,0.0041727,10,True,True,True
1347.453794,0.9858534999999999,0.00417095,10,True,True,True
1347.474627,0.977538,0.0041581,10,True,True,True
1347.49546,0.9815805,0.00420405,10,True,True,True
1347.516293,0.99095,0.004266000000000001,10,True,True,True
1347.537127,1.005282,0.0041366,10,True,True,True
1347.55796,0.979711,0.0043224000000000005,10,True,True,True
1347.578793,1.008583,0.0041672,10,True,True,True
1347.599626,0.9877275,0.00423405,10,True,True,True
1347.62046,0.998621,0.0041814,10,True,True,True
1347.641293,1.006591,0.0041648,10,True,True,True
1347.662126,1.0100455,0.00416365,10,True,True,True
1347.682959,0.992756,0.004172449999999999,10,True,True,True
1347.703793,1.001513,0.00421255,10,True,True,True
1347.724626,0.9948170000000001,0.0041676000000000005,10,True,True,True
1347.745459,0.8345564999999999,0.00453575,10,True,True,True
1347.766292,0.960611,0.0042109,10,True,True,True
1347.787126,0.9987915,0.00418,10,True,True,True
1347.807959,0.966808,0.0043506,10,True,True,True
1347.828792,1.004054,0.004172250000000001,10,True,True,True
1347.849626,0.99817,0.00419255,10,True,True,True
1347.870459,1.005678,0.0041589,10,True,True,True
1347.891292,1.0082399999999998,0.0041604499999999996,10,True,True,True
1347.912125,1.0043514999999998,0.00414945,10,True,True,True
1347.932959,0.9918130000000001,0.004207300000000001,10,True,True,True
1347.953792,1.005319,0.00416095,10,True,True,True
1347.974625,1.000353,0.0041803,10,True,True,True
1347.995458,1.0083215,0.00414395,10,True,True,True
1348.016292,0.8630835,0.0044057,10,True,True,True
1348.037125,0.8791655,0.004394749999999999,10,True,True,True
1348.057958,0.8450605,0.0046009,10,True,True,True
1348.078791,0.874617,0.0047358,10,True,True,True
1348.099625,0.9411625,0.0043431,10,True,True,True
1348.120458,0.99503,0.0041702,10,True,True,True
1348.141291,0.9947355,0.0041988500000000005,10,True,True,True
1348.162124,0.980147,0.00423755,10,True,True,True
1348.182958,0.98953,0.00416025,10,True,True,True
1348.203791,0.993555,0.00417365,10,True,True,True
1348.224624,0.9382365,0.0042651500000000005,10,True,True,True
1348.245457,0.958384,0.00423905,10,True,True,True
1348.266291,0.9546045000000001,0.00416685,10,True,True,True
1348.287124,0.8180555,0.004964700000000001,10,True,True,True
1348.307957,0.800259,0.0052103,10,True,True,True
1348.32879,0.9795865,0.00415565,10,True,True,True
1348.349624,0.9712295,0.0041837,10,True,True,True
1348.370457,0.976324,0.0041571,10,True,True,True
1348.39129,0.997277,0.004151800000000001,10,True,True,True
1348.412123,1.0000324999999999,0.004133899999999999,10,True,True,True
1348.432957,0.9881655,0.0041420499999999996,10,True,True,True
1348.45379,0.7296025,0.0047222,10,True,True,True
1348.474623,0.7897935,0.0046162,10,True,True,True
1348.495456,0.993114,0.00414815,10,True,True,True
1348.51629,0.9983934999999999,0.0041367,10,True,True,True
1348.537123,0.8969585,0.0045707000000000005,10,True,True,True
1348.557956,0.962307,0.00426025,10,True,True,True
1348.578789,0.993379,0.0041456,10,True,True,True
1348.599623,0.9685595,0.004265,10,True,True,True
1348.620456,0.9928224999999999,0.00414575,10,True,True,True
1348.641289,0.9740335,0.0041364,10,True,True,True
1348.662122,0.9074215,0.00425155,10,True,True,True
1348.682955,0.871968,0.0044551999999999994,10,True,True,True
1348.703789,0.8433935,0.00456655,10,True,True,True
1348.724622,0.9143330000000001,0.0043796500000000006,10,True,True,True
1348.745455,0.9651075,0.0041291999999999995,10,True,True,True
1348.766288,0.880773,0.004593150000000001,10,True,True,True
1348.787122,0.684576,0.0059840499999999994,10,True,True,True
1348.807955,0.9078795,0.0044406,10,True,True,True
1348.828788,0.9544714999999999,0.00429695,10,True,True,True
1348.849621,0.9650105,0.00428325,10,True,True,True
1348.870455,0.9730110000000001,0.0042308499999999995,10,True,True,True
1348.891288,0.9098660000000001,0.0043228,10,True,True,True
1348.912121,0.9596965,0.00421135,10,True,True,True
1348.932954,0.9906200000000001,0.0041603000000000005,10,True,True,True
1348.953788,0.983865,0.0041478999999999995,10,True,True,True
1348.974621,0.9788295,0.00417565,10,True,True,True
1348.995454,0.9057165,0.00442485,10,True,True,True
1349.016287,0.9578055,0.00427955,10,True,True,True
1349.037121,0.9679949999999999,0.00423135,10,True,True,True
1349.057954,0.978987,0.00419615,10,True,True,True
1349.078787,0.9210415000000001,0.0044387,10,True,True,True
1349.09962,0.9780789999999999,0.00417045,10,True,True,True
1349.120453,0.973111,0.00421675,10,True,True,True
1349.141287,0.9779125,0.004202,10,True,True,True
1349.16212,0.828844,0.00444405,10,True,True,True
1349.182953,0.5790535,0.0060298999999999995,10,True,True,True
1349.203786,0.960459,0.00421435,10,True,True,True
1349.22462,0.9884975,0.0041605,10,True,True,True
1349.245453,0.966723,0.0042279,10,True,True,True
1349.266286,0.7108055,0.00570615,10,True,True,True
1349.287119,0.749369,0.00546125,10,True,True,True
1349.307953,0.961125,0.0042731,10,True,True,True
1349.328786,1.011238,0.0040701,10,True,True,True
1349.349619,1.013389,0.0040663999999999995,10,True,True,True
1349.370452,1.0055805,0.004105650000000001,10,True,True,True
1349.391285,1.003515,0.0041151,10,True,True,True
1349.412119,1.011763,0.0040733,10,True,True,True
1349.432952,1.0106775,0.0040896,10,True,True,True
1349.453785,1.0108755,0.0040867,10,True,True,True
1349.474618,1.000582,0.0041283,10,True,True,True
1349.495452,0.9959085000000001,0.00414575,10,True,True,True
1349.516285,1.0066025,0.00409475,10,True,True,True
1349.537118,1.0083259999999998,0.0040929,10,True,True,True
1349.557951,1.0083725000000001,0.0040919500000000004,10,True,True,True
1349.578784,1.0056725,0.0040805500000000005,10,True,True,True
1349.599618,1.0145765,0.00407065,10,True,True,True
1349.620451,1.0142235,0.0040631999999999995,10,True,True,True
1349.641284,1.009966,0.0040881500000000005,10,True,True,True
1349.662117,1.0088905000000001,0.0040736999999999995,10,True,True,True
1349.724617,1.0171645,0.0040557,10,True,True,True
1349.74545,1.0189935,0.0040644,10,True,True,True
1349.766283,1.0211985000000001,0.0040555,10,True,True,True
1349.787117,1.0178395,0.0040533,10,True,True,True
1349.80795,1.0198550000000002,0.004054500000000001,10,True,True,True
1349.828783,1.0223455,0.0040469,10,True,True,True
1349.849616,1.0191975,0.00405435,10,True,True,True
1349.87045,1.019667,0.00406285,10,True,True,True
1349.891283,1.0165264999999999,0.0040576499999999995,10,True,True,True
1349.912116,1.0227330000000001,0.00405285,10,True,True,True
1349.932949,1.020301,0.00405285,10,True,True,True
1349.953782,1.0186915,0.0040541,10,True,True,True
1349.974616,1.0202529999999999,0.0040375,10,True,True,True
1349.995449,1.0191225,0.0040747,10,True,True,True
1350.016282,1.0198915,0.004054800000000001,10,True,True,True
1350.037115,1.021223,0.00403675,10,True,True,True
1350.057948,1.0204445,0.00406165,10,True,True,True
1350.078782,1.0208080000000002,0.00405395,10,True,True,True
1350.099615,1.018106,0.004056250000000001,10,True,True,True
1350.120448,1.018071,0.0040695,10,True,True,True
1350.141281,1.0188329999999999,0.00405235,10,True,True,True
1350.162115,1.020552,0.004063300000000001,10,True,True,True
1350.182948,1.0202615000000002,0.004059200000000001,10,True,True,True
1350.203781,1.02116,0.00405985,10,True,True,True
1350.224614,1.0212035,0.0040493000000000005,10,True,True,True
1350.245447,1.020263,0.0040357,10,True,True,True
1350.266281,1.0167549999999999,0.0040625,10,True,True,True
1350.287114,1.0168629999999999,0.0040763,10,True,True,True
1350.307947,1.017831,0.0040504,10,True,True,True
1350.32878,1.0183125,0.00405845,10,True,True,True
1350.349613,1.0181215,0.00405635,10,True,True,True
1350.370447,1.0161,0.0040698,10,True,True,True
1350.39128,1.0210275,0.0040488,10,True,True,True
1350.412113,1.019958,0.0040491,10,True,True,True
1350.432946,1.0188890000000002,0.0040503,10,True,True,True
1350.453779,1.0190595,0.0040497499999999995,10,True,True,True
1350.474613,1.023935,0.00405875,10,True,True,True
1350.495446,1.0224475,0.0040321,10,True,True,True
1350.516279,1.0182175,0.004062049999999999,10,True,True,True
1350.537112,1.0176509999999999,0.0040693,10,True,True,True
1350.557945,1.018388,0.0040526,10,True,True,True
1350.578779,1.0189620000000001,0.0040508,10,True,True,True
1350.599612,1.019135,0.00404745,10,True,True,True
1350.620445,1.018657,0.004061199999999999,10,True,True,True
1350.641278,1.0198615,0.0040462,10,True,True,True
1350.662112,1.017605,0.0040506,10,True,True,True
1350.682945,1.0153664999999998,0.00406375,10,True,True,True
1350.703778,1.01641,0.0040490000000000005,10,True,True,True
1350.724611,1.0177839999999998,0.004062349999999999,10,True,True,True
1350.745444,1.016362,0.0040765,10,True,True,True
1350.766278,1.017652,0.004072650000000001,10,True,True,True
1350.787111,1.015857,0.00405495,10,True,True,True
1350.807944,1.015028,0.004065,10,True,True,True
1350.828777,1.0175100000000001,0.00407215,10,True,True,True
1350.84961,1.0158559999999999,0.00407665,10,True,True,True
1350.870444,1.0151555,0.00407275,10,True,True,True
1350.891277,1.014036,0.0040742,10,True,True,True
1350.91211,1.016964,0.0040611,10,True,True,True
1350.932943,1.0135100000000001,0.0040725499999999994,10,True,True,True
1350.953776,1.0098829999999999,0.0040722,10,True,True,True
1350.97461,1.0096055000000002,0.0040732,10,True,True,True
1350.995443,1.013475,0.004066449999999999,10,True,True,True
1351.016276,1.0114935,0.0040819,10,True,True,True
1351.037109,1.0119254999999998,0.00406725,10,True,True,True
1351.057942,1.0087575,0.004077900000000001,10,True,True,True
1351.078776,1.0075395,0.004091549999999999,10,True,True,True
1351.099609,1.0074714999999999,0.0040849,10,True,True,True
1351.120442,1.0130919999999999,0.0040669,10,True,True,True
1351.141275,1.0156215,0.00406895,10,True,True,True
1351.162108,1.0117465,0.004074,10,True,True,True
1351.182941,1.0084495,0.0040952,10,True,True,True
1351.203775,1.0115949999999998,0.00407115,10,True,True,True
1351.224608,1.010339,0.004094,10,True,True,True
1351.245441,1.0112925000000001,0.0040767500000000005,10,True,True,True
1351.266274,1.007377,0.004077900000000001,10,True,True,True
1351.287107,1.011458,0.004091,10,True,True,True
1351.307941,1.0062345000000001,0.00410155,10,True,True,True
1351.328774,1.0135435,0.0040691500000000005,10,True,True,True
1351.349607,1.0147055,0.0040764,10,True,True,True
1351.37044,1.0072074999999998,0.0040896000000000005,10,True,True,True
1351.391273,1.0021775,0.0041221,10,True,True,True
1351.412107,1.0161075,0.0040767,10,True,True,True
1351.43294,1.0138135,0.00407585,10,True,True,True
1351.453773,1.014084,0.0040838,10,True,True,True
1351.474606,1.0129025,0.00407755,10,True,True,True
1351.495439,1.01291,0.0040795,10,True,True,True
1351.516273,1.0118055,0.00410015,10,True,True,True
1351.537106,1.0124065,0.0040888,10,True,True,True
1351.557939,1.0132029999999999,0.0040986,10,True,True,True
1351.578772,1.0141475,0.0040986,10,True,True,True
1351.599605,1.0146795,0.0040945,10,True,True,True
1351.620439,1.0140295,0.0040830499999999995,10,True,True,True
1351.641272,1.0116235,0.0040867,10,True,True,True
1351.662105,1.0116550000000002,0.00408565,10,True,True,True
1351.682938,1.017299,0.0040926999999999995,10,True,True,True
1351.703771,1.015428,0.0040818,10,True,True,True
1351.724604,1.0168089999999999,0.00408115,10,True,True,True
1351.745438,1.016594,0.00410095,10,True,True,True
1351.766271,1.0119425,0.00411365,10,True,True,True
1351.787104,1.010468,0.004108499999999999,10,True,True,True
1351.807937,1.017158,0.0040850999999999995,10,True,True,True
1351.82877,1.014103,0.0041062,10,True,True,True
1351.849604,1.018234,0.0041134,10,True,True,True
1351.870437,1.0152005000000002,0.004115499999999999,10,True,True,True
1351.89127,1.0195865,0.00408475,10,True,True,True
1351.912103,1.0147455,0.004112,10,True,True,True
1351.932936,1.0192035,0.0041034999999999995,10,True,True,True
1351.95377,1.0154315,0.00413025,10,True,True,True
1351.974603,1.0183905,0.0041118,10,True,True,True
1351.995436,1.0161505,0.0041238,10,True,True,True
1352.016269,1.0111225,0.00413995,10,True,True,True
1352.037102,1.0180485,0.0041109,10,True,True,True
1352.057935,1.0152809999999999,0.00411755,10,True,True,True
1352.078769,1.0161280000000001,0.0041169,10,True,True,True
1352.099602,1.0178995,0.00412685,10,True,True,True
1352.120435,1.0178535000000002,0.00412965,10,True,True,True
1352.141268,1.012562,0.0041236499999999995,10,True,True,True
1352.162101,1.015287,0.0041492000000000005,10,True,True,True
1352.224601,1.023317,0.004108550000000001,10,True,True,True
1352.245434,1.021668,0.004137999999999999,10,True,True,True
1352.266267,1.021342,0.0041417,10,True,True,True
1352.2871,1.026118,0.00414065,10,True,True,True
1352.307934,1.022136,0.0041215,10,True,True,True
1352.328767,1.022952,0.00412505,10,True,True,True
1352.3496,1.023108,0.0041548999999999996,10,True,True,True
1352.370433,1.0219125,0.00415175,10,True,True,True
1352.391266,1.022677,0.00413,10,True,True,True
1352.4121,1.025433,0.0041286,10,True,True,True
1352.432933,1.0226335,0.00414115,10,True,True,True
1352.453766,1.026443,0.0041363500000000004,10,True,True,True
1352.474599,1.0209335,0.0041519,10,True,True,True
1352.495432,1.0241355,0.0041498,10,True,True,True
1352.516265,1.021557,0.00414095,10,True,True,True
1352.537099,1.0244179999999998,0.00415645,10,True,True,True
1352.557932,1.0253079999999999,0.0041709,10,True,True,True
1352.578765,1.021521,0.00415905,10,True,True,True
1352.599598,1.0238785,0.00418995,10,True,True,True
1352.620431,1.0214789999999998,0.00417735,10,True,True,True
1352.641265,1.0204505,0.0041904,10,True,True,True
