time,nflux,enflux,n_lc
0.0,1.0028189912925753,0.0006574668430624392,2
0.0208340456786118,1.0021748754359487,0.0006577147755580616,2
0.08333617340190358,0.9999856923969104,0.0006585009955932677,2
0.10417021302760077,0.9989401835313803,0.0006587555718283267,2
0.12500425079019806,0.9982577199786904,0.0006589738416257615,2
0.14583828668901333,0.9990920750551306,0.0006588187158570158,2
0.16667232119220898,0.9988500346131707,0.000658703009283445,2
0.18750635383207737,0.9995451955559319,0.0006584604481786412,2
0.2083403850749619,0.9975708518934905,0.0006676461755867136,2
0.22917441445611075,0.9985758322856755,0.0006673181052065893,2
0.25000844243936626,0.9981355553797654,0.0006676654987696242,2
0.2708424685599766,0.9987202306389078,0.0006588928065472108,2
0.29167649328405787,0.9981173291108513,0.0006677502833283716,2
0.31251051614549397,0.9984913467671006,0.0006590258700099238,2
0.33334453714496703,0.9981019215009295,0.0006588361637192896,2
0.354178556746092,0.9987564734929122,0.0006677745202758598,2
0.37501257448502656,0.9980797563271846,0.000658727427144748,2
0.3958465903619981,0.9989370092135412,0.000658422908578281,2
0.41668060484198577,0.9986338340113223,0.0006584505023994455,2
0.4375146179238527,0.9982465576150565,0.0006586586631519728,2
0.458348629143984,0.9990176715219796,0.0006583638240247272,2
0.4791826385010154,0.9989035733031248,0.0006584320222619063,2
0.5000166464608355,0.999243126712685,0.0006584106426965536,2
0.52085065255892,0.9969250726889052,0.0006206784299867921,1
0.5416846572595659,0.9985604010887854,0.0006584538013686074,2
0.5625186600971119,0.9990884370582247,0.0006582786680249301,2
0.5833526615390383,0.9985592518496318,0.000658426836500333,2
0.60418666111741,0.9991861738575303,0.0006582054226383711,2
0.6250206592983432,0.9994906409529206,0.0006579913332412882,2
0.6458546556170859,0.9987205250164108,0.0006583279822614722,2
0.6666886505388447,1.001563686270232,0.0006572226884820078,2
0.6875226435988679,1.0022562242868402,0.000656859208648736,2
0.708356635260543,1.0013182873353332,0.0006573093354537945,2
0.7291906255243248,1.0018389642022865,0.0006571036718374746,2
0.7500246139268256,1.0023170036148707,0.0006570598969672743,2
0.7708586009323426,1.0002749846911065,0.0006579617137022128,2
0.7916925860761239,1.0011665154597735,0.0006572932595443115,2
0.812526570286991,1.0015399452886633,0.0006570626397036173,2
0.8333605521700065,1.0008262347594166,0.0006953957894550237,1
0.8541945331219267,1.0022952199537705,0.0006569750076379479,2
0.8750285122121113,1.0024180485234147,0.0006567908054580581,2
0.8958624899039478,1.0031432045034614,0.0006565780866048211,2
0.9166964661988004,1.0021664863726258,0.0006569657017337434,2
0.9375304406319174,1.0033344647077178,0.0006564683404229115,2
0.9583644136680505,1.0035219413790442,0.0006564242956660091,2
0.9791983853065176,0.999948392165806,0.0006952246190160964,1
1.0000323555484556,1.0029458466198373,0.0006937635637621099,1
1.0208663239279758,1.0015646748908018,0.0006943205640811412,1
1.0417002913748092,1.0009300168877955,0.0006946800318406269,1
1.062534256959907,1.0000648281564883,0.0006948256638053262,1
1.0833682211484756,1.001072856884413,0.000694562403516335,1
1.1042021839400604,1.003360414468466,0.0006565432549712499,2
1.1250361453342066,1.0029677833406037,0.0006568065725031747,2
1.1458701048650255,1.0003217182266724,0.0006947715360576471,1
1.1667040634654313,1.0010786567965897,0.0006942294325269317,1
1.1875380202034194,1.0000569840089588,0.0006948641061612845,1
1.2083719760091753,1.0004709490115395,0.0006945311520231578,1
1.2292059299531957,0.9995775674308435,0.0006948507288457344,1
1.2500398829658934,1.0018705467764435,0.000693820142261653,1
1.2708738341150365,1.0020931465502476,0.0006935897634936295,1
1.2917077843324023,1.0012364226864554,0.0006939731150096736,1
1.3125417326884872,1.0010517247102333,0.0006940810558869376,1
1.3750435698395904,0.9993477620269603,0.0006946810211554591,1
1.3958775130729464,1.0006085224675358,0.0006942661130912859,1
1.4167114549088637,1.0037120451208126,0.0006564919368126374,2
1.4375453948835002,0.9985623503534721,0.000695083762528074,1
1.4583793339259046,1.00082941918679,0.0006939412433415929,1
1.4792132715708703,0.9999233470104013,0.0006943031553251522,1
1.5000472078195344,1.0021211882797014,0.0006933554394379566,1
1.5208811426709872,1.0036805899812586,0.0006565801708009417,2
1.5417150765913448,1.001896454245827,0.0006572118162658975,2
1.5625490086488298,0.998106273096688,0.0006948522134424162,1
1.5833829397749923,1.0009806289469485,0.0006938167536201848,1
1.6042168695050805,1.0012770199970855,0.0006935555582239557,1
1.6250507978363657,1.0017377326500916,0.0006933403065353218,1
1.6458847247724862,1.0005994825673008,0.0006937827892998714,1
1.6667186507763745,0.9998362417599085,0.0006941092454068787,1
1.6875525753828242,1.0005558256868354,0.0006937300030479219,1
1.7083864985931996,0.998487662104172,0.0006946396890866798,1
1.7292204204070458,1.0011804982414456,0.000693686249283765,1
1.750054340822544,0.9995509762969422,0.0006939546280462305,1
1.770888260307629,1.0005500015050337,0.0006936290101485244,1
1.7917221783955029,1.0022151724745607,0.0006929472233123479,1
1.8125560955506899,1.004897538062958,0.0006562739749667718,2
1.8333900108443686,1.0009617235054573,0.0006933524137629043,1
1.8542239252076342,0.9994104707082556,0.0006942930129959924,1
1.875057838638213,1.0010094987811686,0.0006932676836895144,1
1.8958917502070562,1.0011195817299547,0.0006932795750741527,1
1.916725660844122,1.0006958343594152,0.0006934800118006434,1
1.9375595705494106,1.0017343603209536,0.0006930401955764512,1
1.9583934788586248,1.0023830603304855,0.0006927252065692134,1
1.9792273857710825,1.0003514412497148,0.0006934929156850785,1
2.000061291285192,1.0011800644413404,0.0006931043074483426,1
2.020895195869116,1.0008772684641742,0.0006933476914344971,1
2.041729099056056,1.0008330729549644,0.0006932441692926769,1
2.0625630013109912,1.0005442516451077,0.0006932521890660185,1
2.0833969021693974,0.9998927530250826,0.0006934852319920579,1
2.104230802096481,0.9986243871211283,0.000694117984919314,1
2.125064700626126,1.0007978837935698,0.0006934581102888026,1
2.1458985977594693,0.9990055716757887,0.0006941020224830495,1
2.1667324939610353,1.0009381644896296,0.000693183694817817,1
2.187566389232188,1.0020356909063168,0.0006926016315723558,1
2.2084002831059024,1.0022833349962217,0.0006926692935775819,1
2.229234175581496,1.0010161544708587,0.000693078956331212,1
2.250068067127131,1.001092051156112,0.0006931716378436288,1
2.270901957275555,1.0009229338692136,0.0006929627375669138,1
2.2917358464915196,1.0013593437582824,0.0006929658795174195,1
2.3125697343118645,1.000678045844223,0.0006931323958570431,1
2.375071391251595,1.0003697799675584,0.0006781675492768755,9
2.3959052748798513,0.9999586426899726,0.0006777556113544314,9
2.4167391571120334,0.9984381561112002,0.0006786299749658355,9
2.437573037947004,1.0005506080759992,0.0006782788580933299,9
2.4584069178506525,0.999924170617805,0.000677827702042405,9
2.479240796822978,1.0000894721553824,0.0006778300538527086,9
2.50007467439832,1.0003890930924544,0.0006780284460411679,9
2.5209085510425666,1.0000604790710135,0.000677722506960059,9
2.5417424262893746,1.0000372185902746,0.000677754636664828,9
2.56257630060486,1.000349052305124,0.0006775543667841951,9
2.583410173989023,0.9999451363923281,0.0006777902073424534,9
2.6042440459771115,1.0001156314805852,0.0006776089214066092,9
2.625077917032968,1.0000959845601014,0.0006777306757519771,9
2.6459117866918405,1.000369913703563,0.0006779446737707947,9
2.6667456558855065,1.0002428846194937,0.0006776702586821831,9
2.6875795232165274,0.9996051655932909,0.0006774404434615389,9
2.7084133900814322,0.9995115341651835,0.0006778923220949566,9
2.729247255549353,1.0006556948641596,0.0006775947670099898,9
2.7500811196209725,1.000105861295705,0.0006780026980602944,9
2.770914983226021,1.0006093771436264,0.0006779308440056118,9
2.7917488449691064,0.9994530138981061,0.0006781694601984526,9
2.8125827062460758,0.9995810609320823,0.0006781782178956717,9
2.833416566126971,1.0003493023774275,0.0006782261864183801,9
2.8542504250760885,1.0005833092412892,0.0006777088515361952,9
2.875084283093429,1.0005887620284921,0.0006774224981109724,9
2.8959181397133307,0.9994765634455199,0.0006782110550728634,9
2.91675199540191,1.000500334851251,0.000677644283767489,9
2.937585850160076,1.0008091064385807,0.0006778008373394967,9
2.9584197039869196,1.0001200432522979,0.000677820881998851,9
2.9792535564170066,1.0000073073427347,0.0006778021975214389,9
3.041755107651852,0.9994378414549843,0.0006784282063911789,9
3.062588955890533,0.9976984142341098,0.0006784145307195464,9
3.1042566491084926,0.9996835324973355,0.0006778061859791881,9
3.1250904940875444,0.9989898344012221,0.0006781433850172982,9
3.145924338135501,0.9999868454876844,0.0006783528795866985,9
3.166758181252362,0.9997512114133422,0.0006778511837750229,9
3.1875920234376736,1.0005923417972575,0.0006782024717189428,9
3.2084258642255463,0.9991262345763535,0.0006783759189287755,9
3.2292597040825513,1.0008479725691761,0.0006773933936533931,9
3.2500935430068694,1.0002688567293962,0.0006779326634260422,9
3.2709273805360226,0.999988357128658,0.0006775685282783487,9
3.29176121759906,0.9994860598845688,0.0006784080655860516,9
3.312595053265113,0.9993438167994831,0.0006780787554100294,9
3.333428887999844,1.0000081648607535,0.0006781417793517984,9
3.3542627218027974,1.0004120311738784,0.0006778770709174461,9
3.3750965542092217,1.0005578067531553,0.0006780689069255779,9
3.3959303861499848,0.9999169946495088,0.0006783333418558436,9
3.416764216693082,0.9985597639961995,0.0006780160969761735,9
3.4375980463055384,0.9990340822829351,0.0006778517750634943,9
3.458431874986445,0.9987728231235307,0.00067829526612083,9
3.4792657022705953,0.9983149532622895,0.0006785797006448192,9
3.500099529089084,1.0002958111776066,0.0006780317710182044,9
3.520933354510589,0.9981470702849321,0.000678655436595834,9
3.541767179000317,0.9992066545581209,0.000677619750770527,9
3.5626010025584947,0.9976561626806852,0.0006785406084849619,9
3.5834348251858046,1.0000554484440216,0.0006781743429840696,9
3.6042686468820193,0.9994684668345278,0.0006784095738607485,9
3.6251024671807954,1.0002071262535297,0.0006783216396746023,9
3.6459362865491585,1.0005536418421963,0.0006779272621529939,9
3.6667701054509507,1.0006320331331762,0.0006776825406525059,9
3.687603922956214,1.0004590594882892,0.0006778739340420835,9
3.708437739064493,1.0001792778977043,0.0006772891110552505,9
3.729271554707111,0.9991209395678806,0.0006783028176450401,9
3.750105369417952,0.9998935158965317,0.000677941507986574,9
3.7709391827324907,1.0006394398601721,0.0006781133485083325,9
3.7917729955809136,1.0000682041098148,0.0006778678794081371,9
3.812606807033035,1.0006458209032907,0.0006776249923075309,9
3.833440617552924,1.0001507210911424,0.0006777756977367436,9
3.854274427141945,1.0001363235118341,0.0006780856307845939,9
3.875108235799644,1.0000041555999533,0.0006778158823173504,9
3.89594204352602,1.0004308591344087,0.0006778943276427802,9
3.9167758498549574,0.9996902955779988,0.0006785022743041987,9
3.937609655719143,1.0009053092000044,0.0006774667863293625,9
3.9584434601849807,1.0010897912446475,0.000678223524190467,9
3.979277264185612,1.0005821689698056,0.0006779305868312519,9
4.000111066789486,1.0003839792505134,0.0006774161780014367,9
4.020944868462493,0.9988675280374988,0.0006785654329503261,9
4.041778669203495,0.9995712464275831,0.0006778348740046836,9
4.062612469014084,0.9993786103748228,0.0006775279933872633,9
4.083446267892896,0.9999471247289123,0.0006781353716941394,9
4.10428006584084,0.9983041300094815,0.0006780131436589635,9
4.125113862857006,0.9970149724246545,0.0006786122973644898,9
4.145947658476189,0.9990401699758363,0.0006783541227556021,9
4.166781453628801,1.0008893519162514,0.0006770338726985081,9
4.187615247850999,0.9981756127040499,0.0006788366881090627,9
4.208449040676214,0.998519125513518,0.0006786035609927185,9
4.229282833036223,1.0009782754148366,0.0006774828634871631,9
4.250116623998338,0.9979466131411286,0.0006789572360929622,9
4.27095041403004,1.0003995339543807,0.0006782685541302842,9
4.291784203129055,1.001020074623159,0.0006779801371009015,9
4.312617991762863,1.0002218345250018,0.000678001995695121,9
4.333451779001052,0.9999608718359095,0.0006779427674428359,9
4.354285565306554,0.999503243962604,0.0006779034832110259,9
4.3751193506816435,0.9994729782177639,0.0006783928333091417,9
4.395953135124955,0.9989136106212195,0.000678033837399094,9
4.416786918636944,0.999833376994762,0.0006784120714138532,9
4.437620701217611,1.0010303397682265,0.0006777624806561776,9
4.4584544828665,1.0012701538694095,0.0006774631635032009,9
4.47928826311886,0.9998910620539253,0.0006783289644317231,9
4.5001220429051045,1.0003045083811573,0.0006778546618129356,9
4.520955821760026,1.0005220087552134,0.0006779310074095337,9
4.54178959968408,0.9993976508812766,0.0006780128207571853,9
4.562623376677493,1.000252784810354,0.0006779564770238377,9
4.583457152273013,1.0002182912065196,0.0006776901404617711,9
4.604290927403554,0.999296310187499,0.0006789413124382376,9
4.625124701601862,1.0006398732888078,0.0006777460362447033,9
4.645958474403642,1.0006421798938687,0.0006778627382115634,9
4.666792246739533,0.9995470376147176,0.0006783394502719974,9
4.687626018144556,1.0006367298275383,0.0006781876003777533,9
4.7084597881528225,1.0011820064132277,0.0006780217148918307,9
4.729293557694973,0.9993944046458747,0.0006785807784409635,9
4.750127326305346,1.0001294307437603,0.0006782821955707934,9
4.77096109351919,1.0004748799418162,0.0006785442369371863,9
4.791794860267373,1.0009731336574557,0.0006776244289935665,9
4.812628626084006,1.000473268306352,0.0006777896868982198,9
4.83346239050411,1.0009264094779686,0.0006774343106177753,9
4.854296154458552,0.999715367879706,0.0006785664488144765,9
4.875129917481672,0.9997626504042405,0.0006787292777358826,9
4.895963679107581,1.0002733932763987,0.0006780851850675189,9
4.9167974402673735,1.0002491097586108,0.0006783130019289459,9
4.937631200496526,1.0004858621465451,0.0006781960348883662,9
4.958464959329149,1.0005823838661816,0.0006778299969070473,9
4.979298717694974,1.0004468862812512,0.000678149673775089,9
5.000132475129931,1.0011963280740324,0.0006777850265644395,9
5.0209662316331105,1.0007376523412916,0.0006778148400516385,9
5.041799987204968,0.999676048014992,0.0006787597707907351,9
5.062633741381205,1.000891005877918,0.000677830456312989,9
5.083467495090872,1.0003832558403156,0.0006783048589585018,9
5.104301247869216,1.000911598473769,0.0006776880562131181,9
5.1251349997160105,1.0000212297064333,0.0006780033225491819,9
5.145968750631027,0.9996479200996558,0.0006783402108559829,9
5.166802500616541,1.0004790386949398,0.0006779444390176616,9
5.187636249669367,1.0004790844939646,0.000677726106022246,9
5.208469997790644,1.000527989467059,0.0006781002725209046,9
5.229303744981507,0.9995880337765067,0.0006787827155791429,9
5.2501374917060275,1.0007769655145526,0.000678026700614258,9
5.2709712370340185,1.00081685081764,0.0006778510730396956,9
5.291804981430914,1.0006005552909,0.000677721736052114,9
5.312638724896033,1.0010783042598141,0.0006782608917606672,9
5.33347246789549,0.9995072554935572,0.0006785614614470347,9
5.354306209497963,1.0007144769578884,0.0006781314825433796,9
5.375139950634548,1.0010583470619903,0.0006781327228095607,9
5.395973690374603,1.0011537463255342,0.000677604875805495,9
5.416807429648543,1.0012136802004814,0.0006774140758124826,9
5.437641167992069,1.0006330476404275,0.0006777087467080093,9
5.45847490493793,1.000394041886846,0.00067773065677789,9
5.479308641418129,0.9999522777120075,0.0006780882526587783,9
5.50014237696746,1.0004299117084303,0.0006777861446475361,9
5.520976111585014,1.0004302751335852,0.0006778642327907822,9
5.541809845271473,1.0008732121719672,0.0006777388922861018,9
5.562643578027064,1.0002642698086353,0.0006777306027678264,9
5.583477309849513,1.0003761859545006,0.0006778371686151504,9
5.60431104074155,1.0005938556997653,0.000677712109969982,9
5.625144770702946,1.0009770280902974,0.0006778324194509493,9
5.645978500197998,1.0006532985191106,0.0006780016368191556,9
5.666812228296067,1.00023331938096,0.0006780019048133708,9
5.687645955929156,1.0004880826954545,0.0006781348391062681,9
5.708479682164807,1.0008304921665674,0.0006777628463821161,9
5.729313407935479,1.0002358683425985,0.0006777908099539668,9
5.750147132773918,1.0008282604975338,0.0006774712663865256,9
5.770980856215601,1.0003739853536948,0.000677875270664773,9
5.791814579192078,1.001290797168134,0.0006773251810445089,9
5.812648301236322,1.0013627220627093,0.0006775582543421853,9
5.833482022350154,1.0002984785050522,0.0006781230090211812,9
5.854315742998551,1.000866707221699,0.0006775193415691938,9
5.875149462249055,1.0002885008130211,0.0006783865653664176,9
5.89598318056801,1.001162630596896,0.000677425040420775,9
5.916816898422667,1.000766690227073,0.0006775679540292958,9
5.937650614878976,1.00093153426474,0.0006774290055984043,9
5.958484330870078,1.000644739463381,0.0006775287010710784,9
5.97931804593054,1.0008327692970176,0.0006773614527667605,9
6.041819185522627,0.9990018909850432,0.0006780522556470897,9
6.125154025738539,1.000075825799399,0.0006778392636617806,9
6.229322556334182,0.9984723608159286,0.0006777326998665262,9
6.27098996223981,0.9974198537360832,0.0006781127893366502,9
6.291823664261983,0.9973801269923193,0.0006779641690947722,9
6.312657364885808,0.9998748575243682,0.0006775167050225993,9
6.333491065044882,0.997369663024461,0.000677897010619163,9
6.375158462567924,0.997527734854881,0.0006784558819639346,9
6.395992159932803,1.001073283467836,0.0006774327761990093,9
6.4376595518690465,0.999111875820675,0.0006776356742893472,9
6.458493246439957,0.9962099006780604,0.0006790242516111927,9
6.479326930301113,0.9961629052004153,0.0006786520612033911,9
6.500160623474812,0.999360046597595,0.0006781687333158617,9
6.520994315251073,0.99843602348388,0.0006784378069119892,9
6.541828006562582,0.9955486494643646,0.0006786825189867501,9
6.562661696943223,0.9988491731088176,0.0006778983736478629,9
6.583495386856839,0.9991547799401798,0.0006781974779695443,9
6.604329075373926,1.0002121025045576,0.0006783059482635934,9
6.625162762960599,1.0004439646691963,0.0006779926443915526,9
6.6459964500804745,0.9978906535955075,0.0006779112557516493,9
6.6668301362685725,0.9998286110925289,0.0006780836911903476,9
6.687663821526485,1.0006221849062167,0.0006774562616132051,9
6.7084975058530745,1.0002486194591103,0.0006778092384329388,9
6.729331189247887,1.0000233076246132,0.0006775924364350761,9
6.750164871711377,1.0005039905366464,0.0006773488964708119,9
6.77099855370966,0.9991427812059467,0.000678093049047801,9
6.791832234310959,0.9996911878187049,0.0006778391337837068,9
6.8126659144465975,0.9991450956584479,0.0006780657530326878,9
6.833499593650004,0.9996442494680225,0.0006771709397901365,9
6.854333271923451,0.9998393771720204,0.0006776985760165,9
6.87516694973101,0.9990957075291864,0.0006778394322562143,9
6.896000626141131,0.9996015580054239,0.0006777889690616471,9
6.916834302084908,0.9983904540391754,0.0006781086041696101,9
6.937667976632611,1.0004762556326712,0.0006773590429694186,9
6.958501650715107,1.0004562586728387,0.0006774398397660457,9
6.979335323864916,1.0006184670982794,0.0006774657691954325,9
7.000168996083858,1.0003562989238781,0.0006780261553471749,9
7.0210026678375925,0.9974126833512765,0.0006781572975275247,9
7.041836338194344,0.999534772686942,0.000677896731402222,9
7.062670008084979,1.0005235823653345,0.0006775854220249682,9
7.083503677043836,1.0003738070226924,0.0006773861130247101,9
7.104337345072963,1.0006757042936367,0.0006771205273698941,9
7.125171012169858,0.9997490768136121,0.00067808223337361,9
7.146004678336567,1.0005875257913603,0.0006771581267650171,9
7.166838344035341,1.0000855791592262,0.0006771841041683979,9
7.187672008802792,1.0010066093418029,0.0006775096170381546,9
7.2085056726409675,0.9999238046351548,0.0006771522178248204,9
7.229339335546911,1.0001973771479769,0.0006775650261387773,9
7.250172997521531,1.0006669106872317,0.0006782680891073074,9
7.271006658564829,0.9994196475971427,0.0006779670054353441,9
7.291840319142466,1.0006300108244692,0.0006771221543450401,9
7.312673978789007,0.999736533491474,0.0006778589738279313,9
7.333507637504454,1.0007867765005878,0.000677207611085567,9
7.354341295287895,1.0003428066362823,0.0006779700018355488,9
7.375174952140014,1.0002945830025494,0.0006772593333053676,9
7.396008608526927,1.000266398986831,0.0006776323823818208,9
7.4168422635175375,1.000839950887703,0.0006774942227596523,9
7.437675918042032,1.000050961932795,0.0006778989560778433,9
7.4585095716340675,1.001146897617729,0.0006774020381029968,9
7.4793432242950075,1.0009227709053652,0.0006771021005942578,9
7.500176876490968,1.0004367426920118,0.0006700803344629582,8
7.521010527755834,1.0005151234451937,0.0006698453682646979,8
7.541844177623489,1.0008895517529255,0.000669963313620437,8
13.666916955166016,0.9995638150015842,0.0006325214702802486,1
13.687750565557508,1.000293072217292,0.0006318958448511968,1
13.708584174086582,1.0002327805375175,0.000632014948927645,1
13.729417780751874,1.0009295121308808,0.0006318727617301962,1
13.750251386021091,1.0017692265276292,0.0006315167985145838,1
13.771084989426981,1.0015453654077788,0.000631728699718833,1
13.791918591434978,1.0022396874323682,0.0006318131762365775,1
13.812752191581922,1.0022631117644691,0.000631700216572214,1
13.833585790331881,1.003205219464411,0.0006315041468037428,1
13.854419387218513,1.0029979898281338,0.0006315881329240752,1
13.875252982242955,1.002797697398175,0.0006318030609745456,1
13.89608657540498,1.003075466288393,0.0006317359023213014,1
13.916920167169565,1.0025844095435872,0.0006320339702149711,1
13.93775375707105,1.0026888195155539,0.0006320516547794545,1
13.979420932217408,0.9993343379433421,0.0006698025312681854,2
14.021088100379984,0.9998804853665768,0.0006333518657252344,3
14.041921681435042,1.0005952446084825,0.0006333426699685978,3
14.062755261558095,1.001155260375118,0.0006326484850159325,3
14.083588839352842,1.0012218420386756,0.0006331777752582445,3
14.104422415751515,1.0011004866127542,0.0006333141810491185,3
14.125255990751384,1.0005351409166554,0.0006333531533263993,3
14.146089563423857,1.0002657819618315,0.000633350254937369,3
14.16692313469889,0.9981200738463346,0.0006344361624172638,3
14.187756704577396,0.9998965096123984,0.0006339426376356925,3
14.208590272593483,1.0002609964538318,0.0006338339061834111,5
14.22942383874738,0.9977091761642882,0.0006347758026163571,3
14.25025740350361,1.001042237889096,0.0006527050672290831,4
14.271090966397196,1.0012724752633853,0.0006338487422771009,5
14.291924527894025,1.0007315515642794,0.0006529464805913334,4
14.3127580875273,0.9999329918267343,0.0006347405856931688,5
14.333591645765182,1.0006671274922978,0.0006530749640225823,4
14.35442520213951,1.000591229899857,0.0006530022877417028,4
14.375258757115944,1.0005314033741317,0.0006344371966596747,5
14.396092310231552,1.0006205441256595,0.000634433703142482,5
14.416925861948357,1.000114413071475,0.0006533517486111711,4
14.437759412269997,1.0004580430504886,0.0006348528125393876,5
14.458592960728538,1.0014273299769296,0.0006530457932137983,4
14.47942650778964,0.9997663902183231,0.0006349669828470025,5
14.500260052988097,0.9994034236404449,0.0006429775946958985,6
14.521093596790024,0.9990268688281663,0.0006433438724720372,6
14.541927138727942,0.999016124136906,0.0006436470552068959,4
14.562760679734993,0.9992458429423958,0.0006357644128406349,5
14.583594218880307,0.9982062627491918,0.0006361760939328445,5
14.604427756162522,0.9998251274136911,0.000650871267129468,5
14.62526129251387,0.9992437892490483,0.0006430723578769473,6
14.646094827002571,0.9997945304780176,0.0006433693961602481,6
14.666928360093834,1.0013260532107457,0.0006430773431766082,6
14.687761891323362,1.0006250952604236,0.0006434128400451163,6
14.708595421619975,1.0006205176911096,0.0006433288721317213,6
14.729428950054398,1.000466723859897,0.0006437132431680915,6
14.75026247709161,1.001247051371685,0.0006434988834781737,6
14.771096002732293,1.0009619319609377,0.0006513045325818031,7
14.791929526511012,1.0013701859140658,0.0006436227247676386,6
14.812763049357955,0.9999245181440533,0.0006437359988015201,6
14.833596570342024,0.9993961278900401,0.0006439550966563891,6
14.854430089929565,0.9984489340688527,0.0006523158280593303,5
14.875263608585328,0.9986209887037572,0.0006367846773074839,5
14.896097125378901,0.9997347324838957,0.000644173001411919,6
14.91693064077549,1.0002104641077212,0.0006517462227962525,7
14.93776415477464,1.0003883830658034,0.0006439107973796555,6
14.958597667376353,0.9995700362101799,0.0006440694625747707,6
14.97943117811542,0.9998316406859691,0.0006441278510337725,6
15.000264687924073,0.9994350186907416,0.000644511445245308,6
15.021098196335515,1.0001595818754039,0.0006442639268590667,6
15.041931703349974,0.9996481851711256,0.0006441370524718404,6
15.06276520896813,0.9987255767381431,0.0006447199738459215,6
15.08359871318794,1.000075006668691,0.0006518694111092027,7
15.104432216012128,0.999732753406314,0.0006524876141625642,7
15.125265717437514,1.0003901449439092,0.000652597868419717,7
15.146099217466826,1.0009730034115987,0.000652433935787204,7
15.166932716099609,1.0007543311947942,0.0006521783467052274,7
15.187766213334498,1.0009048181415294,0.0006524877423171066,7
15.208599709172859,1.0002197809338773,0.0006522292854297658,7
15.229433204080351,1.0000200592061124,0.0006523385249428738,7
15.250266697126108,0.9989960555694215,0.0006525561176093273,7
15.27110018923895,0.9997407246753288,0.000652631480727192,7
15.291933679955491,1.0001861987989835,0.0006526084732273594,7
15.312767169274593,1.0009028977578638,0.0006528488450108862,7
15.333600657195575,0.9997085435643134,0.0006526049415531156,7
15.354434144186826,0.9999443176459435,0.0006526151816851122,7
15.375267629315431,0.9994343188203891,0.0006529711385882134,7
15.396101113512486,0.9998303425297489,0.0006526277866518534,7
15.416934596312558,0.9996260653931667,0.0006625443060936201,8
15.437768077715873,0.9992403201734419,0.0006531004502204202,7
15.458601558187866,0.9993791696895318,0.0006531187880553474,7
15.47943503726242,1.0004336756803212,0.0006527446347957674,7
15.50026851493999,0.999657175277724,0.0006531637255475305,7
15.521101991220576,0.9996358860192904,0.0006528437839417841,7
15.54193546656984,1.0000474737467298,0.0006523602215642192,7
15.562768940056458,1.0003763631972065,0.0006528611713230676,7
15.58360241307787,1.0002496307838036,0.0006625713989876193,8
15.604435884236636,0.99993799751834,0.0006529943112292147,7
15.625269354463626,0.9992396700959315,0.000653315424878023,7
15.646102823294086,1.0002895128657283,0.0006529720379802042,7
15.666936290727563,0.9994457307484091,0.0006628583949996416,8
15.687769757228807,0.9997155511318434,0.0006627460689712373,8
15.708603222333977,0.9998245775573801,0.0006536166180420365,7
15.729436686506915,0.9990367215721243,0.0006631237923168944,8
15.750270149283324,0.9991485224349429,0.0006629170084464387,8
15.771103610664113,0.999084702789086,0.0006532806777915606,9
15.791937070646554,0.9998403203156149,0.0006539242978224175,9
15.812770529698128,0.9995684744073845,0.000653764508696487,9
15.833603987818378,1.0002596639775152,0.0006531515737391181,9
15.854437444541645,1.0000103488860765,0.0006458563842733668,8
15.875270899867473,0.9997150347441335,0.0006535798732341346,9
15.896104354261979,0.9994193481642102,0.0006540501099872762,9
15.916937807259046,0.9992915173560705,0.0006541813745701693,9
15.937771258859584,0.9994310515740347,0.0006537622581468594,9
15.958604709529027,0.9993204297339688,0.0006541116843496664,9
15.979438159267602,0.9999541545083277,0.0006457349273247019,8
16.000271607608965,0.9993139459750211,0.0006540599562745249,9
16.02110505455289,1.000160195399702,0.0006539955054245134,9
16.041938500565948,1.0000206637497642,0.000654210843833359,9
16.06277194518202,1.0001518925678587,0.0006536176318642812,9
16.083605388867,0.9999264649445045,0.0006539106141345265,9
16.104438831619518,0.9997869792375144,0.0006537744197869311,9
16.125272272510074,0.9997505266603635,0.0006542370710493645,9
16.146105712934514,1.0000981071111794,0.000653778198893711,9
16.16693915196288,0.9999490518707599,0.0006540256022744222,9
16.18777258959358,1.0001210693264635,0.0006540822858595283,9
16.208606026293864,1.0005959555416113,0.0006540562324774048,9
16.22943946206192,1.0001377355863879,0.0006538059355378031,9
16.250272896433444,1.0003732120970334,0.0006539129315581224,9
16.271106329407985,1.0005941891741557,0.000654029323578535,9
16.29193976191641,0.9997871222413205,0.0006540263856202018,9
16.312773192561508,0.9996238980514672,0.0006542385737980189,9
16.333606622741854,0.9996206834448224,0.0006536561166498759,9
16.35444005106001,0.9998584484630278,0.0006544823947666242,9
16.37527347891205,0.9997428295002654,0.000653921099260958,9
16.396106905367333,1.0000805776276598,0.0006540603611056584,9
16.41694033089152,0.99958252255344,0.0006629228762680668,8
16.437773755018497,0.9998069959437346,0.0006540140892046559,9
16.458607178213924,0.9997632662506233,0.0006541540198445399,9
16.479440600012595,0.9997326230797839,0.0006540816675354173,9
16.500274020879488,0.9998285942177904,0.0006539263348332256,9
16.521107440814603,0.9996872265453242,0.0006540939407146103,9
16.5419408593541,0.9999812624119272,0.0006537675167042653,9
16.562774276961363,0.9998611573213414,0.0006540383532762012,9
16.583607693637987,0.9998089794353829,0.0006538322271624929,9
16.604441108916944,0.9999493240290891,0.0006542158269133729,9
16.625274523264807,0.9995652439009939,0.0006536121015798958,9
16.68777475978959,0.9997724415871833,0.0006536750913831742,9
16.708608169946046,0.9989257951098786,0.0006550966357169441,8
16.72944157870552,1.0004232043940324,0.0006536020158827466,9
16.750274986535032,0.9997517945456416,0.0006533633164629919,9
16.77110839296688,1.0002431862686398,0.0006538786070657004,9
16.79194179893352,0.9998633417474778,0.0006537793731765727,9
16.812775203501815,1.0002224846001684,0.0006535822438962224,9
16.83360860667449,0.9998832174659236,0.0006538974262356482,9
16.854442009381046,0.9995932329361819,0.0006540047208974134,9
16.875275410690165,0.9997396542854226,0.000653532714385813,9
16.896108811067506,0.9996726480327215,0.000654052903226407,9
16.91694221004832,1.00031693181522,0.0006536714542826057,9
16.93777560809849,0.9996806271645949,0.0006538793818471819,9
16.95860900521734,0.9998017817979808,0.0006536256927795523,9
16.97944240140464,0.9999822359845729,0.0006538882813025211,9
17.00027579619541,0.9998935489425788,0.00065378382701928,9
17.02110919052052,1.0000103081078398,0.000654071556432406,9
17.041942582982074,1.0000002695780736,0.0006535782172055807,9
17.062775974978422,0.9996333223709913,0.0006536995620449026,9
17.083609366042538,1.0004543633318266,0.0006534866843292549,9
17.104442755710124,0.9999536773605673,0.0006535607788782202,9
17.125276144446843,0.9998065964032269,0.0006537608856962797,9
17.14610953178658,1.0001176163088947,0.0006534293645361886,9
17.166942918660197,1.0002879913262488,0.0006537059106628819,9
17.187776304138197,1.0000398772195969,0.0006535173459310346,9
17.20860968868351,0.9996166983660204,0.0006536111925013857,9
17.229443072297954,1.000142066109751,0.0006534286656222153,9
17.250276454515415,1.0005818311980679,0.0006533552108607562,9
17.2711098358011,0.9998240835562697,0.0006533470186736054,9
17.291943216620666,0.9995758699648623,0.000653672648925748,9
17.312776595578498,1.000417642537387,0.0006533163675704217,9
17.333609974071123,1.0005472211933164,0.0006533191906108569,9
17.354443351632426,0.9999725996202984,0.0006534720346628364,9
17.375276727795836,0.9990377146604118,0.0006537110369345431,9
17.396110103028377,0.9992517940682388,0.0006538372063269339,9
17.41694347733005,0.9988060316381744,0.0006535888625500615,9
17.437776850699493,0.9997978880743486,0.0006531184881945991,9
17.458610222671496,0.9997802721649749,0.0006537409179025771,9
17.4794435941792,0.9998711006749834,0.00065339400696748,9
17.500276964289014,0.9995818349610253,0.0006533315499315059,9
17.52111033346796,1.0006603633399518,0.0006533235346992581,9
17.54194370171558,1.0004533017451067,0.0006532230224350612,9
17.562777068565993,1.0009886552081553,0.000653301851731048,9
17.583610434952107,1.0000267444666933,0.000653046878877069,9
17.6044437999401,0.9999601024860135,0.0006533808242857268,9
17.62527716399586,0.9998072915109067,0.0006532887199270142,9
17.646110527121664,0.9997633565844087,0.0006531545841383647,9
17.666943889315007,0.999827541112816,0.0006534340178052277,9
17.687777250577938,0.9996693620408712,0.0006532395631873839,9
17.708610610443657,0.9994696796719863,0.0006534133267860891,9
17.729443969843032,0.9996059807651803,0.0006539246514255738,9
17.750277327846334,1.0006139892813233,0.0006529513346253613,9
17.771110684918085,0.9997466639518066,0.0006530582928228201,9
17.79194404105897,0.9995661196015809,0.0006529744912731097,9
17.81277739626853,1.0001133882282638,0.0006531072122603253,9
17.83361075054586,1.0004426462840432,0.000653295236628101,9
17.854444103427113,1.0002050924671981,0.0006527973477669016,9
17.875277455841342,0.9997751277584976,0.000652739055333932,9
17.896110806859042,1.0003074731180026,0.0006527078654373492,9
17.91694415694633,0.9996781815643416,0.0006531027774515724,9
17.937777506567045,0.9997080643748201,0.0006526702301796325,9
17.95861085479214,1.0005605415339338,0.0006527491546336175,9
17.97944420208455,0.9994106142023969,0.0006527427335409803,9
18.000277547980886,0.9999894066364512,0.0006528646623212819,9
18.021110893412015,0.9996487893989401,0.000652865924403407,9
18.041944237910002,1.0002293147687302,0.0006528197162635932,9
18.062777581011005,0.9988530450625281,0.0006534664094027115,9
18.083610923181595,0.9998553174548459,0.0006522597836535665,9
18.10444426488607,0.9997592860422763,0.0006531048241535388,9
18.125277605194924,1.0001333303090598,0.0006524186045303585,9
18.146110944571546,1.000587835662008,0.0006521618519055217,9
18.166944283016846,1.00046318702899,0.000652718913955854,9
18.187777620531506,1.000541623642966,0.0006523781240478992,9
18.208610957113933,1.0004178507349408,0.000652124990920103,9
18.22944429276481,1.0001028930303313,0.0006525245507793923,9
18.250277627019614,1.0008090025443996,0.0006519740229373353,9
18.27111096080739,1.000165743603894,0.0006524682765431064,9
18.291944293199094,0.9998991148294601,0.000652395905469328,9
18.31277762512559,1.0004019580216126,0.0006519900066311678,9
18.333610955654194,1.0006697346283795,0.0006522614272051392,9
18.35444428525284,1.0007996882716343,0.0006519017554564552,9
18.37527761438446,1.0002664697341461,0.0006521532873693802,9
18.396110942120004,1.0008961834930514,0.000652599239391095,9
18.416944268924,1.000551332891741,0.0006522842601606947,9
18.43777759479599,1.0005311069123626,0.0006519128864421943,9
18.458610919735975,1.0003286731613938,0.0006522674462321829,9
18.47944424374714,1.0000474057639097,0.0006520901192549745,9
18.500277566825616,1.000385832037781,0.0006517370707792146,9
18.52111088897186,1.000208032451379,0.0006520981211544002,9
18.541944210189058,1.0002396562957985,0.0006521436397582295,9
18.562777530007452,1.0006704410275478,0.0006523376087151016,9
18.583610849361094,0.9999669140620812,0.0006521913564864601,9
18.604444167782958,0.9999752375045537,0.0006518543315964074,9
18.625277484807384,1.0006055049651925,0.0006517622454913995,9
18.64611080136615,1.000714949950017,0.0006519835322084402,9
18.66694411652884,1.0005630016645,0.0006520443031453363,9
18.687777431225413,0.9998956910951795,0.0006517374988298204,9
18.708610744525004,1.0008944638264399,0.0006515407222182006,9
18.729444057359387,1.0006308695356947,0.000651728007133622,9
18.750277368796333,1.0006341975104502,0.0006519549919302953,9
18.77111067976807,0.9997354811398534,0.0006521182173896552,9
18.791943989342826,1.000668587756748,0.0006520089798508875,9
18.81277729798603,1.0008599421983682,0.0006513235703346238,9
18.833610605697004,1.000710942429252,0.0006519309027664539,9
18.854443912942088,1.000351043855185,0.0006518734706498365,9
18.875277218792007,0.9999090763828662,0.0006519046921116662,9
18.896110523709694,1.0002505127308803,0.0006515858324611881,9
18.916943828162175,1.0003335615729867,0.0006513867523530988,9
18.93777713121699,1.0007516690745113,0.0006515168299722733,9
18.958610433340937,1.0003570251380407,0.0006515900176192138,9
18.97944373453288,1.0010112430584956,0.0006516647082209479,9
19.000277034794863,1.000395212486457,0.0006512756913797743,9
19.021110334124614,1.0001067957945837,0.0006516387521193235,9
19.041943632988023,1.000269806188831,0.0006516489552371778,9
19.062776930454902,1.000470378939345,0.0006511806298319367,9
19.08361022699205,0.999795901157155,0.0006514334527073051,9
19.10444352259651,0.9999830925000628,0.0006516318129171203,9
19.125276817269196,1.0000942433037778,0.0006515762399173803,9
19.14611011101192,1.0000115234924685,0.000651350167964664,9
19.166943404287622,1.0001485651784485,0.0006513316039229735,9
19.18777669616702,0.9996613656753081,0.000651601849749856,9
19.20860998711464,0.9999888052647846,0.0006519118469780361,9
19.229443277131168,0.9994609454807275,0.0006516547808320291,9
19.25027656621637,0.9990705087892437,0.0006514206820522986,7
19.271109854835913,0.9995143536520794,0.0006514192333928649,9
19.291943142058926,0.9990223534641509,0.0006518850821806926,9
19.31277642835107,0.9984654067573829,0.000651979039864488,9
19.33360971371053,0.9984781916875799,0.0006517721982825252,9
19.35444299860501,0.9985608545225864,0.0006614755602264682,8
19.37527628210296,0.9985017996728924,0.0006517530878248261,9
19.396109564668905,0.9986317540121266,0.00064398317319505,8
19.416942846768507,0.9984676378991,0.0006614735073538925,8
19.437776115364386,0.9987639777774325,0.0006519840010843744,9
19.458609395602934,0.9985330286840814,0.0006438180076861102,8
19.47944267444359,0.998889249544596,0.0006612080133661908,8
19.50027595281813,0.9984172165298177,0.0006518495904195215,9
19.521109229797048,0.9985676165104791,0.0006612276096804011,8
19.54194250630985,0.9989366630385477,0.0006611201538476404,8
19.56277578142567,0.9987133063404737,0.000661425913122514,8
19.58360905607492,0.998554634214158,0.0006614064387124355,8
19.60444232932764,0.9986666381264904,0.0006436918178385669,8
19.625275602115153,0.9983960057766601,0.0006612632734534835,8
19.687775414423186,1.0005639919719058,0.0006508555591744386,9
19.708608683484954,1.0007861416315502,0.0006506501901810186,9
19.7294419516154,1.0007500980205466,0.0006504392336887621,9
19.750275218814977,1.0004379809810062,0.0006508420748039965,9
19.771108485083005,1.0008320951353036,0.0006505284209373772,9
19.79194175041971,1.0007202739995562,0.0006503953261867218,9
19.812775014823956,1.0004178595394952,0.0006505621554182968,9
19.833608278298016,1.0007325016561608,0.000650761856583319,9
19.85444154084098,1.0009938675027314,0.0006505356637080498,9
19.87527480245285,0.999994105374457,0.0006507633932118249,9
19.896108063598376,1.0007939492334943,0.0006503223213180654,9
19.91694132334692,1.000317199933408,0.0006506645139165572,9
19.937774582165048,1.0009533442863612,0.0006505952242755428,9
19.95860784051706,1.0010224960234462,0.0006426691623854638,8
19.97944109747209,1.0010155889870467,0.0006504266567165114,9
20.00027435396055,1.0008191127710275,0.0006505089918377911,9
20.02110760905157,1.000122959737644,0.0006501167940395107,9
20.041940863677837,1.0005235764967635,0.0006501549162574701,9
20.062774117374147,1.0007176517819416,0.0006503393059893554,9
20.083607370137315,1.000658164598576,0.0006504118361176533,9
20.10444062197007,1.0013302226794707,0.0006503356146699772,9
20.125273872871503,1.0003780378908456,0.0006502311311965689,9
20.146107122842068,1.0005680021893542,0.0006497590807507995,9
20.166940371880855,1.0001093440584947,0.0006508880163770108,9
20.187773619986956,1.0007434723766155,0.0006498444577578637,9
20.20860686716219,1.0001051809305832,0.0006501138598406054,9
20.22944011340701,1.0011783861176622,0.0006503661047182188,9
20.25027335918662,1.0003576563833787,0.0006503370434029358,9
20.271106603569024,1.0008452019675114,0.00065034796804334,9
20.2919398474844,1.0010971909653001,0.0006498669058976354,9
20.31277309000393,1.0002394365321328,0.0006501151402584864,9
20.333606332058025,1.0008217102326178,0.0006501609479919462,9
20.354439573181025,0.9999874938062174,0.0006504617674453522,9
20.37527281337202,1.0003742229031718,0.0006497576135379156,9
20.396106052164896,1.0012072257887645,0.0006501860473788442,9
20.41693929049211,1.000870308254292,0.0006503015456156325,9
20.43777252835548,1.0003933212903222,0.0006498013691399697,9
20.45860576482187,1.0001075119095169,0.0006498597601728074,9
20.47943900035648,1.0001113799292534,0.0006497231803834257,9
20.50027223495931,1.000249648531475,0.0006502747460538972,9
20.521105469096483,1.0002774329014812,0.0006501138964764882,9
20.541938701837125,1.0007243515543913,0.000650459738519766,9
20.562771934112106,0.9998681714477363,0.0006506811610550211,9
20.58360516545531,1.0005282015506907,0.0006506512970265884,9
20.60443839586651,1.0003879086406529,0.0006503107240528034,9
20.62527162488209,0.9999537207914768,0.000649579900313174,9
20.646104853432007,1.0004258671904747,0.000650094783255331,9
20.66693808151581,1.0002153888692058,0.0006498508648230118,9
20.687771308202855,1.0002959453769091,0.0006504379360075929,9
20.708604533959033,0.9999788156192106,0.0006499344077492596,9
20.729437758782524,1.0001613992906155,0.000649516324533402,9
20.75027098314081,1.000593325672896,0.0006496744271356679,9
20.771104206567998,1.0002097742436586,0.0006497705717253596,9
20.791937428597976,1.0003186225283383,0.0006496470724674812,9
20.812770650162975,0.9994585092914727,0.0006499450416547044,9
20.833603870796424,0.9997956947828548,0.0006497891669631622,9
20.85443709049855,0.9997801150488811,0.0006503142413388716,9
20.875270309268444,1.0000599221618027,0.0006500796997100785,9
20.896103527107925,0.999119360436124,0.0006505580174345372,9
20.9169367444822,0.999822934180717,0.0006500809357217842,9
20.937769960459036,0.9997767654762624,0.0006499297091086423,9
20.95860317597044,1.0001318514174273,0.0006497386926717544,9
20.97943639054961,1.000043319378433,0.0006498588956867838,9
21.000269603731567,1.0000860791532271,0.0006493138373795425,9
21.021102816447865,1.0004758055321292,0.0006498326370828459,9
21.041936028233977,1.0007206694772464,0.0006498017134668613,9
21.062769239088993,1.0003177873321822,0.0006502658186673361,9
21.08360244947812,1.000185021627993,0.00064999320730623,9
21.104435658470038,1.00018923320186,0.0006501748942190083,9
21.125268866996294,1.0002557771540006,0.0006496809941901855,9
21.14610207412511,1.0003324076547169,0.0006498659199538157,9
21.16693528078804,1.0003666334295251,0.0006491211059828849,9
21.1877684865201,1.0007099268116946,0.0006495046000280007,9
21.208601691321064,1.000380858790809,0.0006495050400738261,9
21.22943489519116,1.000574443459815,0.0006494829883758767,9
21.250268098129027,1.00078642168633,0.000649363376641954,9
21.27110130060214,1.0005895056644623,0.0006496219661827615,9
21.29193450167736,1.000693908689531,0.0006496589571010954,9
21.31276770228692,1.0005646178907732,0.0006495028979550439,9
21.333600901966065,1.0010402485344578,0.0006497202222626552,9
21.354434100246863,1.000418507566577,0.0006493169869652592,9
21.375267298062454,1.000363854236583,0.0006497213955996721,9
21.39610049541284,1.0004209368800874,0.0006493093251257151,9
21.41693369136715,1.001035977306054,0.0006493211857115658,9
21.437766886389,1.001362541945727,0.0006491267563190168,9
21.458600080944507,1.001145286957399,0.0006417199889654382,8
21.479433274569374,1.0007193136040704,0.000649336286805111,9
21.5002664672636,1.000626949341455,0.0006495476588253827,9
21.521099658560388,1.0006760760509652,0.000649269993723175,9
21.54193284985763,1.0010547687951614,0.0006414893432571663,8
21.562766039756525,1.000481424320131,0.000649144133364292,9
21.583599228725006,1.0007119284105757,0.0006491483849626434,9
21.604432417227827,1.0005890691639425,0.0006491772292973462,9
21.62526560479887,1.0006093425418061,0.0006495306064887891,9
21.646098790973383,1.000280934381825,0.0006492899788659547,9
21.666931976682008,1.0008517851552718,0.0006495131094333798,9
21.687765161924972,1.0000320250230594,0.0006491071251345259,9
21.70859834577209,1.0002051400022207,0.0006484783096258394,9
21.72943152868652,0.9994814262207199,0.000649320377808875,9
21.750264711135515,1.0002655506382467,0.0006495403965964918,9
21.771097892653188,1.0002122516701535,0.0006497692266725887,9
21.791931073239994,1.000194763221917,0.0006499618028323465,9
21.812764252895022,0.999547433483275,0.0006495374910492665,9
21.833597431618955,0.9993566973015965,0.0006496733043945682,9
21.854430609411565,0.9986159643563677,0.0006419751408919144,8
21.87526378673806,0.9989298587083437,0.0006495281648555566,9
21.89609696313346,0.9989667043574523,0.0006502062748600955,9
21.91693013859799,0.9992115088323943,0.0006501582743684916,9
21.937763313130517,0.9990933637028974,0.0006499339295718687,9
21.958596486732176,0.9985888054085192,0.000650210889961777,9
21.979429659402058,0.9981029280779818,0.0006506116488588595,7
22.000262831607188,0.999029822809203,0.0006419131764852653,8
22.02109600241488,0.9983423893964847,0.0006604850771024322,8
22.04192917275691,0.9981603393011025,0.0006422143489794263,8
22.06276234216807,0.9985424141110035,0.000641824164714582,8
22.083595511113117,0.9982939268978366,0.0006341533785943608,7
22.104428678660952,0.998512161758386,0.0006501493034938304,7
22.125261845743125,0.9993377868086951,0.000660117461431799,8
22.146095011427633,0.9973004155689099,0.0006424162004788176,6
22.166928176646934,0.9982342986870612,0.0006600855562542611,8
22.187761340935822,0.9977561432981505,0.0006421680498704623,8
22.20859450475905,0.9979831127719359,0.000649788039615466,7
22.229427667184837,0.9978076772300282,0.0006604680351941625,8
22.250260829144963,0.9973718396927653,0.0006422763624612926,6
22.271093990173995,0.9982026770723582,0.0006501812814450847,7
22.291927150271476,0.9981991242470232,0.0006417199505326953,8
22.312760309437863,0.9984166751879808,0.0006501806206501285,7
22.3335934676727,0.9982170115395508,0.0006498209385508977,9
22.354426625440965,0.9978874464578016,0.0006499572103770333,9
22.375259782278818,0.9981888289943577,0.0006495579824813594,9
22.39609293818603,0.9985145754699504,0.0006500605527121182,9
22.41692609316101,0.9980344446861541,0.0006339402113361175,7
22.437759247204895,0.9976842105910774,0.0006340129782681212,7
22.458592400784028,0.997973747231469,0.0006418621818769027,8
22.479425552964358,0.9983161538161703,0.0006501218603896173,9
22.500258704679027,0.9975398531014341,0.0006420222258195599,6
22.52109185592849,0.9970731797444937,0.000642134085989398,6
22.541925005780968,0.9977518309853455,0.0006420712439759539,8
22.562758154703033,0.9979565493833613,0.0006420664394420593,6
22.583591303158983,0.9978539017602679,0.0006503964638075977,7
22.604424450684064,0.9970731581890315,0.0006423729463012701,6
22.625257597277823,0.9959813529281627,0.0006423518421198886,6
22.687757032401123,1.0004138395480409,0.0006494273344404862,9
22.708590175735026,1.0003870880745416,0.0006492500407133001,9
22.729423318602358,1.0004956263480465,0.0006491125517359124,9
22.750256460073388,1.0011157479622521,0.000648773659578838,9
22.771089601078984,1.0000078365210074,0.000648990674341149,9
22.79192274115303,1.000467643975746,0.0006486376527766234,9
22.81275588029598,1.0007191061297278,0.0006492605577088811,9
22.833589018973043,1.0006062775394673,0.0006490906040357199,9
22.85442215625403,1.0006096316299926,0.0006489392193328489,9
22.875255293067994,1.0005757049007742,0.0006491438202249641,9
22.896088428951998,1.000102114644552,0.0006493200294196301,9
22.916921564368522,1.0007577148432636,0.0006487813004182332,9
22.937754698388062,1.0002480033724666,0.0006488915912043771,9
22.95858783194285,1.001117425840114,0.0006487907128710366,9
22.979420964566998,1.0004961223109683,0.0006488991382988205,9
23.000254096258914,1.0011346010667415,0.0006491645130224398,9
23.02108722748585,1.0004632158386204,0.0006491995044075315,9
23.041920357781464,1.000729517588041,0.0006491085195855464,9
23.062753487144846,1.0006566196090405,0.0006490965262932368,9
23.083586615577815,1.000323505906803,0.000649091761145865,9
23.104419743544668,0.9999614067065914,0.0006491223374894306,9
23.125252870579516,1.0003627022923065,0.0006491882544685045,9
23.14608599668395,1.0005014411680948,0.0006489495378595792,9
23.166919122322952,1.000398600688422,0.0006495443182480706,9
23.18775224656406,1.0005928468446883,0.0006488356934671088,9
23.208585370340415,1.000608674591772,0.0006490507132183089,9
23.229418493184994,1.0002822133172984,0.0006490240209312919,9
23.25025161556391,1.0002425150089544,0.0006491272688095923,9
23.27108473701196,0.9999901818309342,0.0006493891517078671,9
23.291917857529143,1.0009521110560848,0.0006490025166642633,9
23.312750977113637,1.0010125652540134,0.0006490799107198332,9
23.333584096232016,1.0006339968358646,0.0006486867949397379,9
23.354417214419982,1.0005868627198846,0.0006487288093173698,9
23.37525033167708,1.0002627228892313,0.0006490737824170598,9
23.39608344846806,1.000321975985627,0.0006491603184408918,9
23.416916564328176,0.9998738284478156,0.0006490787628620002,9
23.437749679256513,1.0003433536785307,0.0006489013280611712,9
23.458582793719643,1.0007265289614973,0.00064900740429616,9
23.47941590678488,1.000795552039953,0.0006491563231199606,9
23.50024901985057,1.0001882523136274,0.000649420948468323,9
23.521082131518824,1.0006962726687993,0.0006489331214784279,9
23.54191524272187,1.0006057840448297,0.0006484653544724909,9
23.56274835299405,1.0005542150371147,0.0006490367275134665,9
23.58358146280011,1.0002729993720825,0.0006487880089664805,9
23.60441457120919,1.0003315774617065,0.0006490425804991954,9
23.625247679618496,1.0008969872850457,0.0006492778123550855,9
23.64608078663082,1.000607999240506,0.0006488477253596618,9
23.66691389317748,1.0006240660625476,0.0006489286839286189,9
23.687746998792363,1.0007645561481773,0.0006494157474818118,9
23.708580103940903,1.0005599723832226,0.0006492263456380327,9
23.729413208159485,1.000362956136901,0.0006490326461273772,9
23.750246311446972,1.0007739804877775,0.0006483951129856425,9
23.771079414269025,1.00045163697884,0.000648996037095632,9
23.791912516159073,1.0008038103619072,0.0006487609529472393,9
23.81274561758346,1.000742426410137,0.0006487165239456487,9
23.833578718076524,0.9999830464411549,0.0006492950083211743,9
23.854411817638038,1.0004582925106424,0.0006492179491653853,9
23.87524491673389,0.999779989017184,0.0006494587704240349,9
23.89607801489842,1.000428288764601,0.0006492835747380541,9
23.916911112596836,0.9994372879716923,0.0006492262601756383,9
23.937744209364382,0.9996623732190507,0.0006490029814950849,9
23.95857730520106,1.000279149930096,0.0006491575984774222,9
23.97941040057208,0.9999538687701915,0.0006495540997716594,9
24.00024349547698,1.0001174901602585,0.0006491495142306781,9
24.021076588984897,1.0009168573939267,0.0006491248720473353,9
24.041909682492815,1.0006942807408912,0.0006483525638416996,9
24.062742774603976,1.000820666235455,0.0006491436391493377,9
24.083575866714682,1.0010163391776217,0.0006489171829825243,9
24.10440895742863,1.0005489772500764,0.0006494575313644143,9
24.12524204814349,1.000628477424045,0.0006492036236250906,9
24.14607513746091,1.0013314419930042,0.0006487705956735789,9
24.166908226777878,1.000705638174841,0.0006490854367223904,9
24.18774131469786,1.0003854222530513,0.0006491133298439022,9
24.20857440261784,1.0003249491775574,0.0006487482117341217,9
24.229407489606956,1.0006239388158569,0.0006487374816043612,9
24.25024057566452,1.0011487529273322,0.0006486735964241405,9
24.271073661256423,1.0005829296680826,0.0006489983222500276,9
24.291906746381983,1.0005190207907573,0.0006493222160507877,9
24.312739830575993,1.0005135829632454,0.0006486065912053172,9
24.333572913840044,1.0002553016921765,0.0006491548754471402,9
24.35440599710296,1.0006363087531396,0.0006488751466267614,9
24.375239079435914,1.0009800147932275,0.0006485046733933923,9
24.396072160838003,1.001060765718976,0.0006488842929977741,9
24.41690524223918,1.0012093280668357,0.0006487423542029503,9
24.43773832224292,1.0013437137841985,0.0006486364523688823,9
24.458571402247117,1.0010015795525442,0.0006484148997097161,9
24.479404481318625,1.0003413850162122,0.0006492946085310393,9
24.500237559924926,1.0007143711009767,0.0006491480459506481,9
24.52107063806602,1.0006796939070102,0.0006489032064106915,9
24.54190371527602,1.000922006563237,0.0006487415515184429,9
24.562736792019905,1.0004143153259448,0.0006490371072419714,9
24.583569868299946,1.0006888214070495,0.0006491896908565598,9
24.604402944112962,1.0007636160077427,0.0006485325697107982,9
24.625236018994883,1.0011246143051382,0.0006486730449636616,9
24.64606909387703,1.0007674081399376,0.000649085305819108,9
24.666902167826493,1.0007030113175401,0.0006487582011586734,9
24.687735241310065,1.0008790180828604,0.0006487211086810071,9
24.708568314328886,1.000562211979088,0.0006491019260655345,9
24.72940138641684,1.0005432354138013,0.0006489150127491502,9
24.75023445850502,1.000027912586975,0.0006493124131179803,9
24.771067529661423,0.9999164507357841,0.0006491850054425336,9
24.791900600818963,0.9994702642942697,0.0006404089857397798,8
24.812733671043816,1.0001834250180035,0.0006488654455261292,9
24.833566741269124,0.9996187433219172,0.0006401742722395821,8
24.85439981056311,0.9992999555670146,0.0006494510342337065,9
24.875232879855503,0.9994047238037052,0.000649408263847181,9
24.896065948683145,1.0002391921800176,0.000640165520159578,8
24.916899016580146,0.9993406895892428,0.0006494683109947563,9
24.93773208447692,0.9999612587686983,0.0006400846994784321,8
24.958565151908942,0.999323922402929,0.0006403507585225921,8
24.97939821887462,0.9995684084342615,0.000640512555841992,8
25.000231285839845,0.9994176027826547,0.0006402367808369072,8
25.021064352339863,0.998447427209172,0.0006403942318098979,8
25.041897418373992,0.999592956906207,0.0006494466296679277,9
25.06273048394155,0.9989776205240433,0.0006404224737360503,8
25.08356354950888,0.9990574707098372,0.0006497495986257419,9
25.10439661461237,0.9988344228806256,0.0006405523837767976,8
25.125229679715858,0.9987504133044809,0.0006405393811140211,8
25.146062744353003,0.9994202533761433,0.0006404733679277598,8
25.16689580852494,0.9993334887953291,0.0006403807409064916,8
25.187728872696198,0.9989780702121456,0.0006404683869758154,8
25.208561936867454,0.9994427737632527,0.0006403181908381995,8
25.229395001039165,0.9990122958844233,0.0006402700372010123,8
25.250228064744988,0.9995506014076233,0.0006310853556542934,7
25.27106112845081,0.9999686726697161,0.0006401946249186426,8
25.291894192156406,0.9998609273439685,0.0006402081181224885,8
25.312727255862,0.9990573830619296,0.0006409279455966786,8
25.333560319101935,0.9992732816290546,0.0006417675963114954,8
25.354393382807984,0.9996478896380536,0.0006421490637911524,8
25.37522644651449,1.0005447999932984,0.0006435573269051281,8
25.396059510220994,0.9991234978168143,0.000646043731197297,8
25.416892573927043,1.0001396384901007,0.0006479240296110422,8
25.437725637633093,0.9992199976699734,0.0006511234562972946,8
25.45855870180344,0.9991281782888386,0.0006541146973531844,8
25.479391765974015,0.9998579653256876,0.0006577110084264996,8
25.50022483061207,0.9996688484737635,0.0006621803289248095,8
25.521057895249896,0.9991320671416599,0.0006683422944433407,8
25.541890960352475,0.9995001110612518,0.0006764873227752523,7
25.56272402592117,0.9987151143349391,0.0006866496991982474,8
25.583557091955072,0.9990639310104523,0.0006988244945927393,8
25.604390157988973,0.9991563189348356,0.0007169079178542628,6
25.625223224955562,0.9986570742052947,0.0007399053904151782,6
25.68772242911041,1.0013376617024692,0.0008199032862056276,8
25.70855549840394,1.0013384350767018,0.0008464633223723825,8
25.72938856862902,1.0003042068330947,0.0008751878472644013,8
25.750221639320444,1.0002089974892059,0.000905015183647849,8
25.77105471140908,0.9990038014109077,0.0009397415061510937,8
25.79188778396201,0.9990814762544231,0.0009753885548617064,8
25.812720857912836,0.9986905627385111,0.001042017359880954,7
25.833553932793393,0.9995640657260397,0.0010805129451633725,7
25.854387009072525,0.9988399471903998,0.0011171592885556865,7
25.875220086749096,0.9979901126500659,0.0011546045650311408,7
